id,title,venue,date,source,capacity,on_sale,first_seen,sold_out_on,final
dice:7dwm3v,PATTERNS Weekly Live Jazz,Night Tales Loft,2026-09-23T18:00,dice,,,2026-09-23,,
jsonld:newriverstudios.com:2026-09-23T19:30:shameless-nights-presents-mike-ladd-thedeadcanrap-remi-rough,"Shameless Nights presents: Mike Ladd, THEDEADCANRAP, Remi Rough, Agate Max",New River Studios,2026-09-23T19:30,jsonld,,,2026-09-23,,
spektrix:alexandrapalace:944413ALSPDLBBHGQQDLTMRVCNLCGJCKH,Ally Pally x Shinny – Pay and Play Scrim,Alexandra Palace,2026-09-23T22:45,spektrix,40,2026-03-19,2026-09-23,,25
spektrix:arcolatheatre:391985ALSNBMJBBKLCGSHCVGSRBRRDVJD,The Turn of the Screw,Arcola Theatre,2026-09-23T19:30,spektrix,158,2026-02-17,2026-09-23,,48
spektrix:arcolatheatre:400580AHVDBBDVJRJNBRJRNTMNVGMCBRB,Fire Fire,Arcola Theatre,2026-09-23T19:00,spektrix,101,2026-06-18,2026-09-23,,72
spektrix:barbicancentre:3602801AKJGGMJNDNGVNRRDPCLDNLSQGN,LAH: 450 XL A Silent Movie (cert tbc),Barbican Arts Centre,2026-09-23T18:00,spektrix,,2026-06-25,2026-09-23,,
spektrix:barbicancentre:3603001ARJRJNKBQCVDLTNBCSRVHVGMJR,LAH: 450 XL A Silent Movie (cert tbc),Barbican Arts Centre,2026-09-23T20:00,spektrix,,2026-06-25,2026-09-23,,
spektrix:barbicancentre:3652401AQGHGRNDQGGPCBKNTRHNGCPMKR,Guildhall Jazz Ensembles,Barbican Arts Centre,2026-09-23T19:00,spektrix,,2026-08-04,2026-09-23,,
spektrix:barbicancentre:3734601AGRKCGQHVMVQGJTQLVDNBVHSLQ,Whisper of the Heart (4k Restoration (U) SUBTITLED,Barbican Arts Centre,2026-09-23T18:10,spektrix,156,2026-09-14,2026-09-23,,136
spektrix:bushtheatre:307739AQGRRDBRKSVGRRBMJNVJDGHNRRG,Darkling,Bush Theatre,2026-09-23T19:30,spektrix,,2026-06-12,2026-09-23,,
spektrix:bushtheatre:307934AJTDDLPJJNVQBNBJSCCQNDKPHKD,Darkling,Bush Theatre,2026-09-23T14:30,spektrix,,2026-06-12,2026-09-23,,
spektrix:donmarwarehouse:123012ALCJLGSVVDKNSLHHSCNJMCJQSGD,A MONTH IN THE COUNTRY,Donmar Warehouse,2026-09-23T19:30,spektrix,,2026-02-06,2026-09-23,,
spektrix:ica:1886403APNBMKHRRVNLSCLJNLVNHVKMDC,Chabrol: La Rupture,Institute of Contemporary Arts,2026-09-23T18:30,spektrix,45,2026-08-05,2026-09-23,,37
spektrix:ica:1896201AMTVRLMPCCTLBJRKHJLHTCVSQP,New Canons 2: Readings from Independent Publishers,Institute of Contemporary Arts,2026-09-23T18:30,spektrix,186,2026-08-11,2026-09-23,,58
spektrix:ica:1939001ALVSPRQCVPLVHQQGNMSNHDTCLD,Matador,Institute of Contemporary Arts,2026-09-23T12:10,spektrix,45,2026-08-24,2026-09-23,,45
spektrix:littleangeltheatre:542297ADGLPNNBPSLLLDHMBMGQRLKSVQC,Pip and Posy Live on Stage,Little Angel Theatre,2026-09-23T16:45,spektrix,100,2026-06-23,2026-09-23,,18
spektrix:littleangeltheatre:543297AMHQRHLTPDDTQSCSSVMQPLDJRKS,Pip and Posy Live on Stage,Little Angel Theatre,2026-09-23T10:30,spektrix,126,2026-06-23,2026-09-23,2026-09-23,0
spektrix:royalcourt:345172ABCBTJCRJJNJVBPTLBSSGBTBJCP,Man to Man,Royal Court Theatre,2026-09-23T19:30,spektrix,,2025-11-04,2026-09-23,,
spektrix:sohotheatre:1443004ARRHSGVNJSBSPJLMRNRVJLHTLC,Catherine Bohart: Borrowing Trouble,Soho Theatre,2026-09-23T19:15,spektrix,170,2025-11-14,2026-09-23,,28
spektrix:sohotheatre:1558212AVMVSJRMLNPBTTBRTHQDTDTRSC,Bigfoot Ripped My Dog In Half I Saw It,Soho Theatre,2026-09-23T19:00,spektrix,,2026-05-05,2026-09-23,,
spektrix:sohotheatre:1585810AJCNJNSTSHCNSJMRLMMMSJMKND,You’re So Special,Soho Theatre,2026-09-23T18:45,spektrix,92,2026-06-03,2026-09-23,2026-09-23,0
spektrix:sohotheatre:1589211ALBKVPMPSBDSMTMQBPQGSLMLLH,Crybabies: The Scaring,Soho Theatre,2026-09-23T21:00,spektrix,,2026-06-11,2026-09-23,,
spektrix:sohotheatre:1614805ABJBMGKBTLKBJLNSNHGBCPJVTH,"Pierre Novellie: Okay, One More Then Bedtime",Soho Theatre,2026-09-23T21:15,spektrix,170,2026-07-24,2026-09-23,,14
spektrix:sohotheatre:1621405AQHMQQKMLJTCJJBRKTKNLJLDGS,Freddie Meredith: Need a Light?,Soho Theatre,2026-09-23T20:45,spektrix,92,2026-08-19,2026-09-23,2026-09-23,0
spektrix:sohotheatre:1623003ARQRNGHKGLQQHPHPJJJJKPJGHP,Micky Flanagan: Warm Up Show,Soho Theatre,2026-09-23T19:30,spektrix,,2026-08-27,2026-09-23,,
spektrix:sohotheatre:1623403ALQSCQNVGJDMRNCNGGBKLQPTHD,Those People,Soho Theatre,2026-09-23T22:30,spektrix,92,2026-08-21,2026-09-23,,2
spektrix:southwarkplayhouse:126410AJHQQPJCRPVMNGGVKCDMSCDNHKG,Jane Eyre,Southwark Playhouse Borough,2026-09-23T19:00,spektrix,294,2026-03-10,2026-09-23,,188
spektrix:southwarkplayhouse:138402AJVDSVBDSTBGCJPBPVMQCVGTJLQ,Night City,Southwark Playhouse Borough,2026-09-23T19:30,spektrix,132,2026-04-14,2026-09-23,,118
spektrix:southwarkplayhouse:148004ALBDKGPJQRRHQKTNHTVRPSSBBJC,Twenty Thousand Streets Under the Sky,Southwark Playhouse Borough,2026-09-23T19:00,spektrix,226,2026-06-25,2026-09-23,,148
spektrix:southwarkplayhouse:158609APSKMMQRLLHLMBPNSBRNRPKLCBS,Twenty Thousand Streets Under the Sky Bundle,Southwark Playhouse Borough,2026-09-23T19:00,spektrix,50,2026-09-07,2026-09-23,,47
spektrix:southwarkplayhouse:159209ATSTRNGBKNDDLRLBBMSDTCPSGVQ,Twenty Thousand Streets Under the Sky Playtext,Southwark Playhouse Borough,2026-09-23T19:00,spektrix,50,2026-09-07,2026-09-23,,50
spektrix:southwarkplayhouse:160209AQVHCBCHGLBJMJLGCGLJKBNTCRP,Twenty Thousand Streets Under the Sky Programme,Southwark Playhouse Borough,2026-09-23T19:00,spektrix,50,2026-09-07,2026-09-23,,50
spektrix:stratfordeast:180610ADVGMDLPDDGPKSDCSGTSMMGCBLP,Bloodsport,Stratford East,2026-09-23T19:30,spektrix,,2026-03-07,2026-09-23,,
spektrix:stratfordeast:188004AGNGPGTRLRQGDHPQDSVKMQKSSLJ,SES Sep - Dec2026,Stratford East,2026-09-23T19:00,spektrix,50,2026-08-26,2026-09-23,,43
spektrix:tricycle:836252ACCSDLPKVCDHRLBMLJCTKGCKDDG,TABLE 17,Kiln Theatre,2026-09-23T19:30,spektrix,,2026-06-03,2026-09-23,,
spektrix:tricycle:890649ADRRSGTSNQCSRGDHSHLGPGDMHGD,Love and Basketball,Kiln Theatre,2026-09-23T19:00,spektrix,,2026-07-21,2026-09-23,,
spektrix:tricycle:899249ACMSPVSTTHCSQGMCHMVVJCTKGKM,Pressure,Kiln Theatre,2026-09-23T13:30,spektrix,,2026-08-20,2026-09-23,,
spektrix:wiltons:331950AJHHQTVPNJLTTMDRJSSPNRLBNHB,Michael Morpurgo's Private Peaceful,Wilton's Music Hall,2026-09-23T19:30,spektrix,,2026-05-27,2026-09-23,,
spektrix:wiltons:332148ASKVDBVLHTNPGJMQJPTJSNDGBMM,Michael Morpurgo's Private Peaceful,Wilton's Music Hall,2026-09-23T13:30,spektrix,,2026-05-27,2026-09-23,,
ticketmaster:16MZkuNuYZAu5288,Ward Thomas - Celebrating 10 years of Cartwheels,London Palladium,2026-09-23T19:30,ticketmaster,,2025-11-21,2026-09-23,,
ticketmaster:17u8v0G65INZHqj,The Book Of Mormon,Prince of Wales Theatre,2026-09-23T19:30,ticketmaster,,2026-05-26,2026-09-23,,
ticketmaster:17u8v0G6uJErjGw,CHAT NOIR!,The Lost Estate,2026-09-23T18:45,ticketmaster,,2026-06-25,2026-09-23,,
ticketmaster:17u8v0G6uMBitzk,Belle Livingstone's 58th Street Country Club,Belle Livingstone's 58th Street Country Club,2026-09-23T19:00,ticketmaster,,2026-06-29,2026-09-23,,
ticketmaster:17uYv0G61OpvC1y,Van Morrison In Concert,British Airways Theatre,2026-09-23T18:30,ticketmaster,,2026-05-15,2026-09-23,,
ticketmaster:1AMZk3bGkeIzJE9,I'm Every Woman: the Chaka Khan Musical,OVO Arena Wembley,2026-09-23T19:30,ticketmaster,,2026-04-24,2026-09-23,,
ticketmaster:1AMZkfkGkdx0wqu,Million Dollar Quartet,The Arts at Marble Arch,2026-09-23T19:30,ticketmaster,,2026-08-07,2026-09-23,,
ticketmaster:1AMZko0Gkd2OM4l,The Hunger Games On Stage,Canary Wharf Theatre,2026-09-23T19:30,ticketmaster,,2026-03-09,2026-09-23,,
ticketmaster:1AdfZ_3GkTZsdk0,My Sons a Queer (But What Can You Do?),Apollo Theatre,2026-09-23T19:30,ticketmaster,,2026-09-15,2026-09-23,,
ticketmaster:1AdfZ_6GkX_h7t1,Shakespeare's Globe - As You Like It,Shakespeare's Globe,2026-09-23T14:00,ticketmaster,,2026-03-31,2026-09-23,,
ticketmaster:1AdfZ_6GkX_t7lR,Shakespeare's Globe - As You Like It,Shakespeare's Globe,2026-09-23T19:30,ticketmaster,,2026-03-31,2026-09-23,,
ticketmaster:1AdjZ_3GkR_pFY4,Sting's the Last Ship,"Theatre Royal, Drury Lane",2026-09-23T19:30,ticketmaster,,2026-09-11,2026-09-23,,
ticketmaster:1AgZkGNGkdwlALR,Mamma Mia,Novello,2026-09-23T19:30,ticketmaster,,2025-09-03,2026-09-23,,
ticketmaster:1AwZkf7Gkd5MYrU,Moma with Support Tali Jackson,The Troubadour,2026-09-23T20:00,ticketmaster,,2026-08-04,2026-09-23,,
ticketmaster:1kuYvNuOGA5ilKh,Phantom of the Opera,His Majesty's Theatre,2026-09-23T14:30,ticketmaster,,2025-09-22,2026-09-23,,
ticketmaster:1kuYvNuOGA5ylKs,Phantom of the Opera,His Majesty's Theatre,2026-09-23T19:30,ticketmaster,,2025-09-22,2026-09-23,,
ticketmaster:G5dzZbS5mpbb5,Haevn - Terra Nova Tour,O2 Empire,2026-09-23T19:00,ticketmaster,,2025-09-26,2026-09-23,,
ticketmaster:G5vHZ_8GSy17T,The Tower of London - Standard All Day Entry,Tower Bridge Exhibition,2026-09-23T10:00,ticketmaster,,2026-08-03,2026-09-23,,sold out or off sale
ticketmaster:G5vHZ_GKR_Dw7,Chxrry,Scala,2026-09-23T19:00,ticketmaster,,,2026-09-23,,
ticketmaster:G5vHZ_kYhgyzx,She Her Her Hers,The Garage,2026-09-23T19:00,ticketmaster,,2026-03-20,2026-09-23,,
ticketmaster:G5vHZ_oGv_BrT,WILLOW,KOKO,2026-09-23T19:00,ticketmaster,,2026-08-27,2026-09-23,,
ticketmaster:LvZ18QEMkDnZT9L8JJ_WO,The Clap Comedy for Parents In Need,Comedy Store,2026-09-23T19:30,ticketmaster,,2026-08-13,2026-09-23,,
ticketmaster:LvZ18QJIl6czbj06_hCpY,Underland,New Cross Inn,2026-09-23T17:00,ticketmaster,,2026-07-30,2026-09-23,,
ticketmaster:LvZ18QNV1pvcErAwgFEPY,Ruthie Foster,The Lexington,2026-09-23T19:00,ticketmaster,,2026-06-26,2026-09-23,,
ticketmaster:LvZ18QPemhZpE5P8YGT6Z,Harry Baker Trio,Vortex Jazz Club,2026-09-23T19:45,ticketmaster,,2026-07-10,2026-09-23,,
ticketmaster:LvZ18QPyQ04UiM1fyWrqb,Noah Ojumu Quartet (Downstairs),Vortex Jazz Club,2026-09-23T18:45,ticketmaster,,2026-07-20,2026-09-23,,
ticketmaster:LvZ18Qjn5UP2hRZvLQs5n,Richard Spaven,The Jazz Cafe,2026-09-23T19:00,ticketmaster,,2026-04-02,2026-09-23,,
ticketmaster:LvZ18Qt-roqjQbsir3cP5,London Lions MEN vs Cheshire Pheonix / SLB Championship,New City College,2026-09-23T19:00,ticketmaster,,2026-09-02,2026-09-23,,
ticketmaster:Z3r9uZKbZL4Ze3-2dZeQ,The Comedy About Spies,Adelphi Theatre,2026-09-23T19:30,ticketmaster,,2025-01-01,2026-09-23,,
ticketmaster:Z3r9uZKbZL4Ze3-2dZe_,The Comedy About Spies,Adelphi Theatre,2026-09-23T14:30,ticketmaster,,2025-01-01,2026-09-23,,
ticketmaster:ZKr9uZKbZL4ZeoOpjZekd,Disney's Hercules,"Theatre Royal, Drury Lane",2026-09-23T19:30,ticketmaster,,2025-01-01,2026-09-23,,sold out or off sale
ticketmaster:Zor9uZKbZL4ZefAN5ZA,The Standard of Living,Theatre Royal Haymarket,2026-09-23T19:00,ticketmaster,,2025-01-01,2026-09-23,,sold out or off sale
ticketmaster:Zor9uZKbZL4ZefkovZ7,Hay Fever,Wyndham's,2026-09-23T19:30,ticketmaster,,2025-01-01,2026-09-23,,sold out or off sale
tribe:dalstonsuperstore.com:37682,TRANSMISSIONS PRESENTS: MAY (2002) + INTRO BY MOLLY MILES,Dalston Superstore,2026-09-23T19:00,tribe,,,2026-09-23,,
tribe:dalstonsuperstore.com:37719,BodySwap,Dalston Superstore,2026-09-23T22:00,tribe,,,2026-09-23,,
tribe:www.towertheatre.org.uk:218820,Some Explicit Polaroids,Tower Theatre,2026-09-23T19:30,tribe,,,2026-09-23,,
dice:k6g28p,GIFT + Oslo Twins,The Lexington,2026-09-24T19:30,dice,,,2026-09-23,,
jsonld:chatspalace.com:2026-09-24T19:30:fletchr-fletchr,FLETCHR FLETCHR,Chats Palace,2026-09-24T19:30,jsonld,,2026-09-24,2026-09-23,,available
jsonld:www.firepit.art:2026-09-24T17:45:em-lifedrawing-burlseque-with-shard-o-nay-ethan-jasmine,"EM Lifedrawing} Burlseque! With Shard O’Nay, Ethan & Jasmine",Firepit Art Gallery,2026-09-24T17:45,jsonld,,,2026-09-23,,available
jsonld:www.firepit.art:2026-09-24T18:00:touch-grass-day-tripper-still-life-drawing,Touch Grass Day-Tripper — still life drawing,Firepit Art Gallery,2026-09-24T18:00,jsonld,,,2026-09-23,,available
spektrix:arcolatheatre:391986ADDNGGGQCKQMBNQRGNTCRBJRGBB,The Turn of the Screw,Arcola Theatre,2026-09-24T19:30,spektrix,158,2026-02-17,2026-09-23,,24
spektrix:arcolatheatre:401182AJVCHBHTTMTHBDTNQQTSRVCCSBC,Fire Fire,Arcola Theatre,2026-09-24T19:00,spektrix,101,2026-06-18,2026-09-23,,75
spektrix:barbicancentre:3602402AKKCLQCSNSGRTQBMRBVVQPGPCK,LAH: The Last Responders & Blow Out (18),Barbican Arts Centre,2026-09-24T19:00,spektrix,,2026-06-25,2026-09-23,,
spektrix:barbicancentre:3653801ABGLBPMSPKLQTLRBMHTCVGCTRV,Guildhall Symphony Orchestra,Barbican Arts Centre,2026-09-24T19:00,spektrix,,2026-08-04,2026-09-23,,
spektrix:barbicancentre:3734802ASDSHHRTLVPPTLQHCKRHLQGJMB,Queen at Sea (15),Barbican Arts Centre,2026-09-24T15:40,spektrix,156,2026-09-14,2026-09-24,,141
spektrix:barbicancentre:3735001AKBSKTSCLMNRPJVMGDLBGSSPHB,Whisper of the Heart (4k Restoration (U) SUBTITLED,Barbican Arts Centre,2026-09-24T18:10,spektrix,156,2026-09-14,2026-09-23,,114
spektrix:barbicancentre:3735005ARGNDTLBMJDTHQGSHBSTKCMMQB,Queen at Sea (15),Barbican Arts Centre,2026-09-24T18:15,spektrix,156,2026-09-14,2026-09-24,,138
spektrix:bloomsburytheatre:525114ASMQSDJLCLLQCTMVGCNBNQVVCDR,**Ticket Protection**,Bloomsbury Theatre,2026-09-24T19:30,spektrix,545,2025-11-03,2026-09-23,,545
spektrix:bushtheatre:307740ABQNTDBTMJMTBNDVCHKBCBTMJLQ,Darkling,Bush Theatre,2026-09-24T19:30,spektrix,,2026-06-12,2026-09-23,,
spektrix:cadoganhall:1362634ABJGVPQCJNTRQSMNSSLHNJBNJM,Will Guidara & Rory Sutherland - The Art of Hospitality,Cadogan Hall,2026-09-24T19:00,spektrix,953,2026-08-06,2026-09-23,2026-09-23,0
spektrix:donmarwarehouse:123205APLRJSHNCJBKRTMBVVBCPMCVVRT,A MONTH IN THE COUNTRY,Donmar Warehouse,2026-09-24T19:30,spektrix,,2026-02-06,2026-09-23,,
spektrix:donmarwarehouse:125204ATKCDLDCVVDBNVCQVGQSSKHJPKT,A MONTH IN THE COUNTRY,Donmar Warehouse,2026-09-24T14:30,spektrix,,2026-02-06,2026-09-23,,
spektrix:ica:1862402AVHPVQVGBNDLRNDPBVKVDKRJPT,CTM x ICA: Tyondai Braxton + Rian Treanor with Rotherham Sight & Sound,Institute of Contemporary Arts,2026-09-24T19:00,spektrix,405,2026-09-24,2026-09-23,,405
spektrix:ica:1887602AQTCSMGNCTGDRBQHDDBCMDTLPQ,Chabrol: Just avant la nuite,Institute of Contemporary Arts,2026-09-24T18:30,spektrix,45,2026-08-05,2026-09-23,,37
spektrix:ica:1891601ANNKMKDSDJQBSHLNLNQTPPHLJQ,Picture This + Q&A,Institute of Contemporary Arts,2026-09-24T18:15,spektrix,186,2026-08-10,2026-09-23,,102
spektrix:ica:1897601ARRPLQHVJQTBPVMLTDGTBRVBNR,In-I In Motion,Institute of Contemporary Arts,2026-09-24T16:00,spektrix,45,2026-07-22,2026-09-24,,36
spektrix:ica:1937602AMNMDMKVLBKQBTRSSNKHQMDTJH,A Free Woman,Institute of Contemporary Arts,2026-09-24T12:10,spektrix,45,2026-08-28,2026-09-23,,41
spektrix:lightroom:206007ACKRDNDHKBTNBLMSVLDPNCRCKLS,GAWD vs. The People,Lightroom,2026-09-24T19:30,spektrix,250,2026-08-06,2026-09-23,,45
spektrix:lightroom:206008AJSCCDBQCHQPLVSGRMGLNDNSJQS,GAWD vs. The People,Lightroom,2026-09-24T21:00,spektrix,250,2026-08-06,2026-09-23,,169
spektrix:littleangeltheatre:544317AQTGMJDGDLRBGCLQSHQNDGTGTRS,The Pied Piper: A Rat's Tale,Little Angel Theatre,2026-09-24T10:30,spektrix,96,2026-06-28,2026-09-23,,26
spektrix:royalacademyofmusic:128801AMGHJTTHPDLLPSDCNLTCJPRMHPT,Guitar Chamber Music,Royal Academy of Music Museum,2026-09-24T13:00,spektrix,96,2026-07-13,2026-09-23,2026-09-24,0
spektrix:royalcollegeofmusic:657809ANPJKTJPBPDQBNGKCCNRTVCHVNT,RCM Wind Orchestra: Howl's Moving Castle,Royal College of Music Museum,2026-09-24T18:00,spektrix,,2026-08-05,2026-09-23,,
spektrix:royalcourt:345968ACVGBMHSCQKDPTMPMKGNPMQJHTB,Man to Man,Royal Court Theatre,2026-09-24T14:30,spektrix,,2025-11-04,2026-09-23,,
spektrix:royalcourt:346168ANBVTLMKSCGKLTMPLMRMCTMPSRM,Man to Man,Royal Court Theatre,2026-09-24T19:30,spektrix,,2025-11-04,2026-09-23,,
spektrix:royalcourt:379967ARNDTDKBCNHBLQPPBRPLGBDDDLQ,Writers' Card: Zoom Focus Sessions,Royal Court Theatre,2026-09-24T08:00,spektrix,1000,2026-08-21,2026-09-23,,957
spektrix:sohotheatre:1443203AMLBTCNGNDDVCHMPQLCCSJPRRT,Catherine Bohart: Borrowing Trouble,Soho Theatre,2026-09-24T19:15,spektrix,170,2025-11-14,2026-09-23,2026-09-24,0
spektrix:sohotheatre:1464803AQNCPPVCQKLHTGPHCKVMNCKLDM,Phil Wang: UH OH,Soho Theatre,2026-09-24T20:00,spektrix,,2025-12-05,2026-09-23,,
spektrix:sohotheatre:1558819ASRKDMGKJPRLPKTVQGGQJJNDHR,Bigfoot Ripped My Dog In Half I Saw It,Soho Theatre,2026-09-24T19:00,spektrix,,2026-05-05,2026-09-23,,
spektrix:sohotheatre:1585811AQSMNGDPSMCGPHSLBPVJGPVRDK,You’re So Special,Soho Theatre,2026-09-24T18:45,spektrix,92,2026-06-03,2026-09-23,2026-09-24,0
spektrix:sohotheatre:1615003ABGPDRLJTTMBMJKQGGSLCBKDGV,"Pierre Novellie: Okay, One More Then Bedtime",Soho Theatre,2026-09-24T21:15,spektrix,170,2026-07-24,2026-09-23,,26
spektrix:sohotheatre:1619003AKMRBJKPJTPVNBDDLSKVNNVMPN,David Elms Describes a Room,Soho Theatre,2026-09-24T21:00,spektrix,,2026-08-11,2026-09-23,,
spektrix:sohotheatre:1621603AQPKKSLGJMDJHRNTTPKDPPKGSQ,Freddie Meredith: Need a Light?,Soho Theatre,2026-09-24T20:45,spektrix,92,2026-08-19,2026-09-23,2026-09-23,0
spektrix:sohotheatre:1623603ADHNLCPLBLRKPTPMBGBSJRQHPR,Those People,Soho Theatre,2026-09-24T22:30,spektrix,92,2026-08-21,2026-09-23,,34
spektrix:southwarkplayhouse:126411ACNTCSBMTCNCMJTSQNDMRQHPTQR,Jane Eyre,Southwark Playhouse Borough,2026-09-24T19:00,spektrix,294,2026-03-10,2026-09-23,,205
spektrix:southwarkplayhouse:126605AKMDTBHQPVKKHRVLTGLRLBRDLTH,Jane Eyre,Southwark Playhouse Borough,2026-09-24T14:30,spektrix,294,2026-03-10,2026-09-23,,151
spektrix:southwarkplayhouse:138602AMDRBRSKMQCNCJBSDGCMHMNRVVD,Night City,Southwark Playhouse Borough,2026-09-24T19:30,spektrix,132,2026-04-14,2026-09-23,,107
spektrix:southwarkplayhouse:148005AVPMKCRDCHJVVPHJCTNRMVSVLSB,Twenty Thousand Streets Under the Sky,Southwark Playhouse Borough,2026-09-24T19:00,spektrix,226,2026-06-25,2026-09-23,,164
spektrix:southwarkplayhouse:148204ADSBKCVVSCLLPCNDGCRBHQQSHKG,Twenty Thousand Streets Under the Sky,Southwark Playhouse Borough,2026-09-24T14:30,spektrix,226,2026-06-25,2026-09-23,,147
spektrix:southwarkplayhouse:157405AHLCJNCPKTKQJQKSNVPBRVJSVPJ,Twenty Thousand Streets Under the Sky Playtext,Southwark Playhouse Borough,2026-09-24T14:30,spektrix,50,2026-09-07,2026-09-23,,50
spektrix:southwarkplayhouse:158610ABPMMLMQMCRNRJBVSGRJCKTMQBP,Twenty Thousand Streets Under the Sky Bundle,Southwark Playhouse Borough,2026-09-24T19:00,spektrix,50,2026-09-07,2026-09-23,,50
spektrix:southwarkplayhouse:159004ACTLJSVLQJQQRRKMGVLPDGGNMND,Twenty Thousand Streets Under the Sky Bundle,Southwark Playhouse Borough,2026-09-24T14:30,spektrix,50,2026-09-07,2026-09-23,,50
spektrix:southwarkplayhouse:159210AJJVSTVTQDSDQMLVHTJQTJNSSGR,Twenty Thousand Streets Under the Sky Playtext,Southwark Playhouse Borough,2026-09-24T19:00,spektrix,50,2026-09-07,2026-09-23,,50
spektrix:southwarkplayhouse:160210AKJQCCNGGKCKQCCJQVJQCSJVVTP,Twenty Thousand Streets Under the Sky Programme,Southwark Playhouse Borough,2026-09-24T19:00,spektrix,50,2026-09-07,2026-09-23,,49
spektrix:southwarkplayhouse:160404ABQCKCBLLRKVCDQGGCGRJJVGJLK,Twenty Thousand Streets Under the Sky Programme,Southwark Playhouse Borough,2026-09-24T14:30,spektrix,50,2026-09-07,2026-09-23,,49
spektrix:stratfordeast:180611AJGBMKNLRBMKSGVGJTRGNQHLTMJ,Bloodsport,Stratford East,2026-09-24T19:30,spektrix,,2026-03-07,2026-09-23,,
spektrix:stratfordeast:180804ARVQVGMTDJBKHHSGPVTBQDNCQCJ,Bloodsport,Stratford East,2026-09-24T14:30,spektrix,,2026-03-07,2026-09-23,,
spektrix:theplace:886636AGTSDJCGSRHHSQLQBSVQDJPDNML,Autumn/ Winter 26: Seke Chimutengwende - The Last Quartet,The Place,2026-09-24T19:30,spektrix,118,2026-05-18,2026-09-23,2026-09-23,3
spektrix:tricycle:838849AGBLQTMLRBJJNCPMRPHNNHBPHHG,TABLE 17,Kiln Theatre,2026-09-24T19:30,spektrix,,2026-06-03,2026-09-23,,
spektrix:tricycle:846649AGCVKMBJRBNLVGNGRRMTSQDQTGJ,Audio Description Add-ons,Kiln Theatre,2026-09-24T19:00,spektrix,37,2022-11-01,2026-09-24,,8
spektrix:tricycle:899449AMDMQKMVCDQDMLGNSPQDDDDJDPL,Pressure,Kiln Theatre,2026-09-24T20:30,spektrix,,2026-08-20,2026-09-23,,
spektrix:tricycle:901250AQSQJDQTNPHGDNJCQCPTRKTBQMB,The Incomer,Kiln Theatre,2026-09-24T18:00,spektrix,,2026-08-21,2026-09-24,,
spektrix:wiltons:328948ATRNCCDQKPKRKKTHKLJGGJMRPPD,FLOP! The Best Songs From The Worst Musicals,Wilton's Music Hall,2026-09-24T19:00,spektrix,,2026-03-17,2026-09-23,,
ticketmaster:17GOv0G62mCI8lt,Pacific Avenue,The Garage,2026-09-24T19:00,ticketmaster,,2025-11-21,2026-09-23,,sold out or off sale
ticketmaster:17GOv0G651rv-vQ,Exploring Birdsong,Islington Assembly Hall,2026-09-24T19:00,ticketmaster,,2026-05-18,2026-09-23,,
ticketmaster:17GOv0G6GKLc8cE,"Jade Presents Alex, Leave! + House of Spades + Aleph Null + Redeye",The Troubadour,2026-09-24T20:00,ticketmaster,,2026-06-04,2026-09-23,,
ticketmaster:17u8v0G62KVDkmp,James the Seventh,The Courtyard,2026-09-24T19:30,ticketmaster,,2026-07-24,2026-09-23,,
ticketmaster:17u8v0G62wn7K5P,Alyssa Grace,The Lower Third,2026-09-24T19:00,ticketmaster,,2026-08-07,2026-09-23,,
ticketmaster:17u8v0G65INGHqt,The Book Of Mormon,Prince of Wales Theatre,2026-09-24T19:30,ticketmaster,,2026-05-26,2026-09-23,,
ticketmaster:17u8v0G6uJEij3f,CHAT NOIR!,The Lost Estate,2026-09-24T18:45,ticketmaster,,2026-06-25,2026-09-23,,
ticketmaster:17u8v0G6uMBByDh,Belle Livingstone's 58th Street Country Club,Belle Livingstone's 58th Street Country Club,2026-09-24T19:00,ticketmaster,,2026-06-29,2026-09-23,,
ticketmaster:17uYv0G61OyVL2g,Van Morrison In Concert,British Airways Theatre,2026-09-24T18:30,ticketmaster,,2026-05-15,2026-09-23,,
ticketmaster:17uYv0G62od2AWn,David Bowie: You're Not Alone,Lightroom,2026-09-24T12:30,ticketmaster,,2026-07-20,2026-09-23,,
ticketmaster:1AMZk3bGketfpl2,I'm Every Woman: the Chaka Khan Musical,OVO Arena Wembley,2026-09-24T19:30,ticketmaster,,2026-04-24,2026-09-23,,
ticketmaster:1AMZk3bGketkJtp,I'm Every Woman: the Chaka Khan Musical,OVO Arena Wembley,2026-09-24T14:30,ticketmaster,,2026-04-24,2026-09-23,,
ticketmaster:1AMZk8UGkdPU7v6,Urzila Carlson - Fatty On a Yacht,London Palladium,2026-09-24T20:00,ticketmaster,,2026-01-30,2026-09-23,,
ticketmaster:1AMZkfkGkdNZwL4,Million Dollar Quartet,The Arts at Marble Arch,2026-09-24T19:30,ticketmaster,,2026-08-07,2026-09-23,,
ticketmaster:1AMZkfkGkdxwwr2,Million Dollar Quartet,The Arts at Marble Arch,2026-09-24T14:30,ticketmaster,,2026-08-07,2026-09-23,,
ticketmaster:1AMZkfxGkeEgf-5,Inala,House of Sisters Grimm,2026-09-24T19:30,ticketmaster,,2026-09-02,2026-09-23,,
ticketmaster:1AMZko0Gkd2cEp0,The Hunger Games On Stage,Canary Wharf Theatre,2026-09-24T19:30,ticketmaster,,2026-03-09,2026-09-23,,
ticketmaster:1ANZkf7GkeWUOtP,Grand Opening - Robert Glasper,Blue Note London,2026-09-24T19:00,ticketmaster,,2026-08-14,2026-09-23,,
ticketmaster:1ANZkf7GkeX28tE,Grand Opening - Robert Glasper,Blue Note London,2026-09-24T21:30,ticketmaster,,2026-08-14,2026-09-23,,
ticketmaster:1AdfZ_3GkTZTS66,My Sons a Queer (But What Can You Do?),Apollo Theatre,2026-09-24T19:30,ticketmaster,,2026-09-15,2026-09-23,,
ticketmaster:1AdfZ_6GkX_U0Rd,Shakespeare's Globe - As You Like It,Shakespeare's Globe,2026-09-24T14:00,ticketmaster,,2026-03-31,2026-09-23,,
ticketmaster:1AdjZ_3GkR_0Fs2,Sting's the Last Ship,"Theatre Royal, Drury Lane",2026-09-24T14:30,ticketmaster,,2026-09-11,2026-09-23,,
ticketmaster:1AdjZ_3GkR_wFw8,Sting's the Last Ship,"Theatre Royal, Drury Lane",2026-09-24T19:30,ticketmaster,,2026-09-11,2026-09-23,,
ticketmaster:1AgZk3eGkd3Rkzh,Shakespeare's Globe - Much Ado About Nothing,Shakespeare's Globe,2026-09-24T19:30,ticketmaster,,2026-04-02,2026-09-23,,
ticketmaster:1AgZkGNGkdSA4LD,Mamma Mia,Novello,2026-09-24T19:30,ticketmaster,,2025-09-03,2026-09-23,,
ticketmaster:1AgZkGNGkdwzALV,Mamma Mia,Novello,2026-09-24T15:00,ticketmaster,,2025-09-03,2026-09-23,,
ticketmaster:1kuYvNuOGAGklfA,Phantom of the Opera,His Majesty's Theatre,2026-09-24T19:30,ticketmaster,,2025-09-22,2026-09-23,,
ticketmaster:G5dzZ_6CtbwTC,New Constellations,O2 Academy Islington,2026-09-24T19:00,ticketmaster,,2026-03-27,2026-09-23,,
ticketmaster:G5dzZ_FM7F7uk,The Afghan Whigs,O2 Empire,2026-09-24T19:00,ticketmaster,,2026-04-17,2026-09-23,,
ticketmaster:G5vHZ_8GV61Ab,The Tower of London - Standard All Day Entry,Tower Bridge Exhibition,2026-09-24T10:00,ticketmaster,,2026-08-03,2026-09-23,,sold out or off sale
ticketmaster:G5vHZ_oI0Dh2b,British Airways American Express presents Ezra Collective & Friends,KOKO,2026-09-24T19:00,ticketmaster,,2026-09-16,2026-09-23,,
ticketmaster:LvZ18Q2d_ddbRx8ZPqG0W,THE BLACKOUT - 24 SEPTEMBER,Up the Creek,2026-09-24T19:00,ticketmaster,,2025-10-16,2026-09-23,,
ticketmaster:LvZ18Q2dgEGSuSOZlK44Z,Shakatak,Landing Canary Wharf,2026-09-24T21:00,ticketmaster,,2025-10-16,2026-09-23,,
ticketmaster:LvZ18Q3hQxXpDVZZvPECs,Comedy in Your Eye - Stand up Comedy in Camden Town,Comedy In Your Eye,2026-09-24T19:00,ticketmaster,,2023-12-06,2026-09-23,,
ticketmaster:LvZ18QIDyy0VfYBPP7ypk,Sylvan Esso (DJ Set),OM,2026-09-24T20:00,ticketmaster,,2026-09-04,2026-09-23,,
ticketmaster:LvZ18QIU-OWcv-UZaaYOI,"Live Jazz from the Piano Bar at Red Room Studios, Soho",She Soho,2026-09-24T20:30,ticketmaster,,2026-04-14,2026-09-24,,
ticketmaster:LvZ18QJxFQGjnCMOz-xKY,Cosmo's Midnight,Number 90 Lock,2026-09-24T19:30,ticketmaster,,2026-07-31,2026-09-23,,
ticketmaster:LvZ18QLCaA3Uu8OZM8aye,The Best in Stand Up - Thursday 24th September,Comedy Store,2026-09-24T19:30,ticketmaster,,2026-04-30,2026-09-23,,
ticketmaster:LvZ18QPQXG5K2W3BgoSNq,Tom Barford Quintet,Vortex Jazz Club,2026-09-24T19:45,ticketmaster,,2026-07-14,2026-09-23,,
ticketmaster:LvZ18QPzdC1phvv-d199r,A night of John Holt with Michael Mendez,O2 Academy Islington,2026-09-24T18:30,ticketmaster,,2026-07-20,2026-09-23,,
ticketmaster:LvZ18QQhon4Lw-OZ0sKqM,The Surfrajettes,New Cross Inn,2026-09-24T18:00,ticketmaster,,2026-03-03,2026-09-23,,
ticketmaster:LvZ18QpbYNiZirOZlWmBS,Holy Fuck,Scala,2026-09-24T19:00,ticketmaster,,2026-01-16,2026-09-23,,
ticketmaster:LvZ18Qrc5gcPmL8v1o4g5,SamRecks,The Jazz Cafe,2026-09-24T19:00,ticketmaster,,2026-04-29,2026-09-23,,
ticketmaster:LvZ18Qt6HoOb6Q5_kdnaZ,Sara Dhillon Quintet (Downstairs),Vortex Jazz Club,2026-09-24T18:45,ticketmaster,,2026-08-28,2026-09-23,,
ticketmaster:LvZ18QtLB-VOIb2Zb7N5c,"Hot Gorilla Records, DJ Andy Buchan",Landing Canary Wharf,2026-09-24T19:00,ticketmaster,,2026-09-02,2026-09-23,,
ticketmaster:Z3r9uZKbZL4Ze3-2dZeh,The Comedy About Spies,Adelphi Theatre,2026-09-24T14:30,ticketmaster,,2025-01-01,2026-09-23,,
ticketmaster:Z3r9uZKbZL4Ze3-2dZej,The Comedy About Spies,Adelphi Theatre,2026-09-24T19:30,ticketmaster,,2025-01-01,2026-09-23,,
ticketmaster:ZKr9uZKbZL4ZeoOpjZek7,Disney's Hercules,"Theatre Royal, Drury Lane",2026-09-24T14:30,ticketmaster,,2025-01-01,2026-09-23,,sold out or off sale
ticketmaster:ZKr9uZKbZL4ZeoOpjZekA,Disney's Hercules,"Theatre Royal, Drury Lane",2026-09-24T19:30,ticketmaster,,2025-01-01,2026-09-23,,sold out or off sale
ticketmaster:Zor9uZKbZL4ZefAN5Zk,The Standard of Living,Theatre Royal Haymarket,2026-09-24T19:00,ticketmaster,,2025-01-01,2026-09-23,,sold out or off sale
ticketmaster:Zor9uZKbZL4ZefkovZA,Hay Fever,Wyndham's,2026-09-24T19:30,ticketmaster,,2025-01-01,2026-09-23,,sold out or off sale
tribe:dalstonsuperstore.com:37695,LUCKY DIP,Dalston Superstore,2026-09-24T22:00,tribe,,,2026-09-23,,
tribe:dalstonsuperstore.com:37708,Hoot N’ Holler: Queer Line Dancing!,Dalston Superstore,2026-09-24T19:00,tribe,,,2026-09-23,,
tribe:www.towertheatre.org.uk:218827,Some Explicit Polaroids,Tower Theatre,2026-09-24T19:30,tribe,,,2026-09-23,,
dice:53pwkl,The Freshers Warehouse Rave - London Freshers 2026,E1,2026-09-25T23:00,dice,,,2026-09-23,,
dice:ww9ygx,Fasme (Live) + Facets + The Butcher Bird,The Waiting Room,2026-09-25T23:00,dice,,,2026-09-23,,
jsonld:allianzstadiumtwickenham.com:2026-09-25T23:00:red-roses-v-new-zealand,Red Roses v New Zealand,Allianz Stadium,2026-09-25T23:00,jsonld,,,2026-09-23,,
jsonld:bowarts.org:2026-09-25T17:30:artist-educator-cpd-stop-motion-animation-techniques-with-re,Artist Educator CPD: Stop-Motion Animation Techniques with Reza Ben Gajra,Nunnery Gallery,2026-09-25T17:30,jsonld,,2026-08-25,2026-09-23,,few left
jsonld:newriverstudios.com:2026-09-25T19:30:divine-schism-presents-pozi-prayer-tech-earwurms,"Divine Schism presents: Pozi, Prayer Tech, Earwurms",New River Studios,2026-09-25T19:30,jsonld,,,2026-09-23,,
jsonld:www.firepit.art:2026-09-25T09:30:tiny-tides-peninsula-under-5-social-club,Tiny Tides Peninsula — Under-5 Social Club,Firepit Art Gallery,2026-09-25T09:30,jsonld,,2026-09-25,2026-09-23,,available
jsonld:www.firepit.art:2026-09-25T18:00:air-wav,AIR.wav,Firepit Art Gallery,2026-09-25T18:00,jsonld,,2026-09-25,2026-09-23,,available
jsonld:www.firepit.art:2026-09-25T18:30:sip-and-paint-with-axematic,Sip and Paint with Axematic,Firepit Art Gallery,2026-09-25T18:30,jsonld,,2026-09-25,2026-09-23,,available
jsonld:www.museumofcomedy.com:2026-09-25T19:00:lst-new-comedian-of-the-year-2026-heats,LST New Comedian of the Year 2026: Heats,Museum of Comedy,2026-09-25T19:00,jsonld,,,2026-09-23,,available
jsonld:www.nationaltrust.org.uk:2026-09-25:antonia-a-marie-antoinette-opera-at-fenton-house,Antonia: A Marie Antoinette Opera at Fenton House,Fenton House,2026-09-25,jsonld,,,2026-09-23,,
jsonld:www.ovoarena.co.uk:2026-09-25T18:30:young-jonn,Young Jonn,OVO Arena Wembley,2026-09-25T18:30,jsonld,,2026-04-09,2026-09-23,,available
spektrix:alexandrapalace:962203ALMLLJTCPQKVRHJTSLGCRRRGQTS,Friday Night is Music Night with Joe Stilgoe,Alexandra Palace,2026-09-25T19:30,spektrix,,2026-08-03,2026-09-23,,
spektrix:arcolatheatre:391987AGHGCPPMDLTGJRBTTGNGMQLRVKN,The Turn of the Screw,Arcola Theatre,2026-09-25T19:30,spektrix,158,2026-02-17,2026-09-23,,1
spektrix:arcolatheatre:401978ACHMMRCCGCQPLNBTHCKKPJHRRKG,Fire Fire,Arcola Theatre,2026-09-25T19:00,spektrix,101,2026-06-18,2026-09-23,,77
spektrix:barbicancentre:3602201AHCRJVJHPSGHRTJGRLPCCQMPNM,LAH: Sykes-Picot & Air Pressure,Barbican Arts Centre,2026-09-25T19:30,spektrix,,2026-06-25,2026-09-23,,
spektrix:barbicancentre:3653802AVGKNLBKTJMGNLGCCQHPLDTQDG,Guildhall Symphony Orchestra,Barbican Arts Centre,2026-09-25T19:00,spektrix,,2026-08-04,2026-09-23,,
spektrix:barbicancentre:3674801AKGVPRJTGBMQHKTTMHVGLLRNBV,Relaxed Screening: Ish (15),Barbican Arts Centre,2026-09-25T12:00,spektrix,114,2026-08-10,2026-09-23,,105
spektrix:barbicancentre:3682001ADVPQPMRRHJLPNBDDJLVGHSHPS,HKFF: Palimpsest: The Story of a Name (15*) + Screen Talk,Barbican Arts Centre,2026-09-25T18:30,spektrix,,2026-08-20,2026-09-23,,
spektrix:bushtheatre:307741ABNVPDMNPPVQVVJHPJGVDLTRVJC,Darkling,Bush Theatre,2026-09-25T19:30,spektrix,,2026-06-12,2026-09-23,,
spektrix:cadoganhall:1334034APLGCNHBLRQDTCCCBVKTQVLCNG,Comedy at Cadogan with David O'Doherty,Cadogan Hall,2026-09-25T19:30,spektrix,,,2026-09-23,,
spektrix:donmarwarehouse:124817ABQCLMVNDGMTLTRSKGPTBHNVNLT,A MONTH IN THE COUNTRY,Donmar Warehouse,2026-09-25T19:30,spektrix,,2026-02-06,2026-09-23,,
spektrix:ica:1862801ARDKCCPQRJJGMCNRJRMMDRVMBH,CTM x ICA: Cyst + Alpha Maid + Europa,Institute of Contemporary Arts,2026-09-25T19:00,spektrix,405,2026-09-25,2026-09-23,,405
spektrix:ica:1891001AJLBPJQHJRBCBRTLLTLDCCCCTS,Chabrol: Wedding in Blood,Institute of Contemporary Arts,2026-09-25T20:40,spektrix,45,2026-08-08,2026-09-23,,33
spektrix:ica:1913401ACMKLNBRGSJTVPRJTJVKPLKKSS,VHS Late Tapes: WET & MESSY,Institute of Contemporary Arts,2026-09-25T21:00,spektrix,186,2026-08-25,2026-09-23,,119
spektrix:ica:1947001ACTQPHTMTJSSTBRHVTPVHKTKCS,Off-Circuit: UK PREMIERE Pin de Fartie + Q&A,Institute of Contemporary Arts,2026-09-25T12:05,spektrix,45,2026-06-14,2026-09-25,,45
spektrix:lightroom:206009ABPJRDQSSKHSSMDQDJBKQSTKSPQ,GAWD vs. The People,Lightroom,2026-09-25T19:30,spektrix,250,2026-08-06,2026-09-23,,83
spektrix:lightroom:206010ABCDDNJDMBVCKBCQKLLJRSCKVRD,GAWD vs. The People,Lightroom,2026-09-25T21:00,spektrix,250,2026-08-06,2026-09-23,,139
spektrix:littleangeltheatre:542897AGPJPLQNLQSQGSLPQTDBNLDJBMS,Pip and Posy Live on Stage,Little Angel Theatre,2026-09-25T16:45,spektrix,100,2026-06-23,2026-09-23,,4
spektrix:littleangeltheatre:543299AMCBKCTMMNPVMBTMLCBBSSVQPBK,Pip and Posy Live on Stage,Little Angel Theatre,2026-09-25T10:30,spektrix,126,2026-06-23,2026-09-23,2026-09-24,0
spektrix:littleangeltheatre:543300ACGKGNSNTJHKKTLBLQKRKPVPGTP,Pip and Posy Live on Stage,Little Angel Theatre,2026-09-25T13:00,spektrix,126,2026-06-23,2026-09-23,2026-09-25,0
spektrix:littleangeltheatre:546098ACNCTJJQKCVTSMGDBCRSMPGPDCT,The Pied Piper: A Rat's Tale,Little Angel Theatre,2026-09-25T17:15,spektrix,76,2026-06-28,2026-09-23,,27
spektrix:richmix:1841202APQMGNDBNDBKKTDLNMQLMHBLTQ,Anarchist Book Fair: Warm Up Gig,Rich Mix,2026-09-25T19:30,spektrix,370,2026-02-27,2026-09-23,,28
spektrix:royalacademyofmusic:129001AVVNDSMSPJSVTRSRBBLVQJPQBCJ,Academy Wind and Brass Ensemble,Royal Academy of Music Museum,2026-09-25T13:00,spektrix,,2026-07-13,2026-09-23,,
spektrix:royalcourt:345173ARRVSHJBJMVJMPRMLLQDVPVKJBT,Man to Man,Royal Court Theatre,2026-09-25T19:30,spektrix,,2025-11-04,2026-09-23,,
spektrix:sohotheatre:1443204AVGNGBHCHKDJRGGCTQQNGKNDCV,Catherine Bohart: Borrowing Trouble,Soho Theatre,2026-09-25T19:15,spektrix,170,2025-11-14,2026-09-23,2026-09-25,0
spektrix:sohotheatre:1532203APVSQTQKNLVRPLMVSMKPQCHPMT,Neon Nights September With Bridget Christie,Soho Theatre,2026-09-25T20:00,spektrix,,2026-04-02,2026-09-23,,
spektrix:sohotheatre:1558820ALVRJGMRQPHMJKNSCQBGBGTDBL,Bigfoot Ripped My Dog In Half I Saw It,Soho Theatre,2026-09-25T19:00,spektrix,,2026-05-05,2026-09-23,,
spektrix:sohotheatre:1585812ACNBLLNDVQJSHRNCCVHMPHQDRD,You’re So Special,Soho Theatre,2026-09-25T18:45,spektrix,92,2026-06-03,2026-09-23,,5
spektrix:sohotheatre:1615004ACJBHBQBQRMQHQLJPDHHNJQRNN,"Pierre Novellie: Okay, One More Then Bedtime",Soho Theatre,2026-09-25T21:15,spektrix,170,2026-07-24,2026-09-23,,11
spektrix:sohotheatre:1619004ASBHCSLTLPJKRKHLKCPNTTNRHM,David Elms Describes a Room,Soho Theatre,2026-09-25T21:00,spektrix,,2026-08-11,2026-09-23,,
spektrix:sohotheatre:1621604AMNRNKKMRMLVJGHDRQTRDBKDPJ,Freddie Meredith: Need a Light?,Soho Theatre,2026-09-25T20:45,spektrix,92,2026-08-19,2026-09-23,2026-09-23,0
spektrix:sohotheatre:1623404ALNRJTCGHGKPPLVGKLRLGVHBRC,Those People,Soho Theatre,2026-09-25T22:30,spektrix,92,2026-08-21,2026-09-23,2026-09-23,0
spektrix:southwarkplayhouse:126805ASQKJHBPVJRNGPLQLGDCKHRVJDH,Jane Eyre,Southwark Playhouse Borough,2026-09-25T19:00,spektrix,294,2026-03-10,2026-09-23,,179
spektrix:southwarkplayhouse:137805ASSSDSDNCGMBRMDCJKKMNJDTDBG,Night City,Southwark Playhouse Borough,2026-09-25T19:30,spektrix,132,2026-04-14,2026-09-23,,115
spektrix:southwarkplayhouse:147204AGKQTKKGMGPJDJDJMDQNKMTRJCM,Twenty Thousand Streets Under the Sky,Southwark Playhouse Borough,2026-09-25T19:00,spektrix,226,2026-06-25,2026-09-23,,176
spektrix:southwarkplayhouse:158611AGDKKGRQHGTGVMKTVDMGSBVTDKL,Twenty Thousand Streets Under the Sky Bundle,Southwark Playhouse Borough,2026-09-25T19:00,spektrix,50,2026-09-07,2026-09-23,,50
spektrix:southwarkplayhouse:159211AHCLBGNCCDTQRRLGHBQKHNBLCNH,Twenty Thousand Streets Under the Sky Playtext,Southwark Playhouse Borough,2026-09-25T19:00,spektrix,50,2026-09-07,2026-09-23,,50
spektrix:southwarkplayhouse:160211ASDCPQBSRTGHCLRPBDBHDJCSGHH,Twenty Thousand Streets Under the Sky Programme,Southwark Playhouse Borough,2026-09-25T19:00,spektrix,50,2026-09-07,2026-09-23,,50
spektrix:stratfordeast:180612AHBTCLRRDNNRPGNVQSTRMQGBRDQ,Bloodsport,Stratford East,2026-09-25T19:30,spektrix,,2026-03-07,2026-09-23,,
spektrix:thealbany:757595ANTNSSVSMLSMBCVPRTJVLPQKGJM,Spring 2026: Come 'n' Grow,The Albany,2026-09-25T12:00,spektrix,30,2026-02-27,2026-09-23,,16
spektrix:thealbany:770579ADVGHBLMPRRDCCMPMRTNCTMVNTV,Autumn 2026 : Block Power Music (BPM Anniversary),The Albany,2026-09-25T20:00,spektrix,80,2026-08-06,2026-09-23,,19
spektrix:theplace:886637AJLBRPKPBSRHLQQQKHSLVTCDQHS,Autumn/ Winter 26: Seke Chimutengwende - The Last Quartet,The Place,2026-09-25T19:30,spektrix,118,2026-05-18,2026-09-23,2026-09-24,0
spektrix:tricycle:835453ATLGLTKCHGTSQTJMLKDCCQTBPNN,TABLE 17,Kiln Theatre,2026-09-25T19:30,spektrix,,2026-06-03,2026-09-23,,
spektrix:tricycle:844850ABNBQSBTQGTQHTGQHCGGKPQLPRR,Audio Description Add-ons,Kiln Theatre,2026-09-25T19:30,spektrix,37,2022-11-01,2026-09-24,,8
spektrix:wiltons:328949AHLLTDHKLVNDRMSVLVLRNGSKBLH,FLOP! The Best Songs From The Worst Musicals,Wilton's Music Hall,2026-09-25T19:00,spektrix,,2026-03-17,2026-09-23,,
spektrix:woolwichworks:406001ABMGKMQJGPSHSGNSLRBKKKKLVTV,Circus Scratch Night,Woolwich Works,2026-09-25T20:00,spektrix,200,2026-05-01,2026-09-23,,160
ticketmaster:17u8v0G65INPGrq,The Book Of Mormon,Prince of Wales Theatre,2026-09-25T19:30,ticketmaster,,2026-05-26,2026-09-23,,
ticketmaster:17u8v0G65IN_Gr7,The Book Of Mormon,Prince of Wales Theatre,2026-09-25T14:30,ticketmaster,,2026-05-26,2026-09-23,,
ticketmaster:17u8v0G6uJEBj4T,CHAT NOIR!,The Lost Estate,2026-09-25T18:45,ticketmaster,,2026-06-25,2026-09-23,,
ticketmaster:17u8v0G6uLNugEE,Laver Cup - Session Two,The O2,2026-09-25T17:30,ticketmaster,,2026-06-26,2026-09-23,,
ticketmaster:17u8v0G6uMDFyXH,Belle Livingstone's 58th Street Country Club,Belle Livingstone's 58th Street Country Club,2026-09-25T19:00,ticketmaster,,2026-06-29,2026-09-23,,
ticketmaster:17u8v0G6urTucHl,Laver Cup - Session One,The O2,2026-09-25T11:30,ticketmaster,,2026-06-26,2026-09-23,,
ticketmaster:17uYv0G62odjPWD,David Bowie: You're Not Alone,Lightroom,2026-09-25T12:30,ticketmaster,,2026-07-20,2026-09-23,,
ticketmaster:17uYv0G6u1Syp0-,Party 101,British Airways Theatre,2026-09-25T18:30,ticketmaster,,2026-06-26,2026-09-23,,
ticketmaster:1AMZk3bGket-UcG,I'm Every Woman: the Chaka Khan Musical,OVO Arena Wembley,2026-09-25T19:30,ticketmaster,,2026-04-24,2026-09-23,,
ticketmaster:1AMZkfkGkdNCwLn,Million Dollar Quartet,The Arts at Marble Arch,2026-09-25T19:30,ticketmaster,,2026-08-07,2026-09-23,,
ticketmaster:1AMZkfxGkeIeVNe,Inala,House of Sisters Grimm,2026-09-25T19:30,ticketmaster,,2026-09-02,2026-09-23,,
ticketmaster:1AMZko0Gkd2BE9R,The Hunger Games On Stage,Canary Wharf Theatre,2026-09-25T14:30,ticketmaster,,2026-03-09,2026-09-23,,
ticketmaster:1AMZko0Gkd869_F,The Hunger Games On Stage,Canary Wharf Theatre,2026-09-25T19:30,ticketmaster,,2026-03-09,2026-09-23,,
ticketmaster:1AdFZ_8GkwTG8xz,Limonata + Emma Jemima + Bridget + Kentish Collective,The Troubadour,2026-09-25T20:00,ticketmaster,,2026-08-12,2026-09-23,,
ticketmaster:1AdfZ_6GkXQ77RE,Shakespeare's Globe - As You Like It,Shakespeare's Globe,2026-09-25T19:30,ticketmaster,,2026-03-31,2026-09-23,,
ticketmaster:1AdfZ_8GkwrTxkR,Harlequins V Bath Rugby,Twickenham Stoop Stadium,2026-09-25T19:45,ticketmaster,,2026-08-12,2026-09-23,,
ticketmaster:1AdfZ_oGkiZIWMU,Alyssa Grace,26 Leake Street,2026-09-25T19:00,ticketmaster,,2026-09-03,2026-09-23,,
ticketmaster:1AdjZ_3GkRQZFS2,Sting's the Last Ship,"Theatre Royal, Drury Lane",2026-09-25T19:30,ticketmaster,,2026-09-11,2026-09-23,,
ticketmaster:1AdjZ_6GknIAxsF,The Prat Pack,London Palladium,2026-09-25T18:30,ticketmaster,,2026-04-10,2026-09-23,,
ticketmaster:1AeGZ_8GkDZGOV1,Sinead Harnett,Blue Note London,2026-09-25T19:00,ticketmaster,,2026-08-21,2026-09-23,,
ticketmaster:1AeGZ_8GkDZGYV_,Sinead Harnett,Blue Note London,2026-09-25T21:30,ticketmaster,,2026-08-21,2026-09-23,,
ticketmaster:1AgZk3eGkd3Hky2,Shakespeare's Globe - Much Ado About Nothing,Shakespeare's Globe,2026-09-25T14:00,ticketmaster,,2026-04-02,2026-09-23,,
ticketmaster:1AgZkGNGkdS34Ok,Mamma Mia,Novello,2026-09-25T19:30,ticketmaster,,2025-09-03,2026-09-23,,
ticketmaster:1AgZkfxGkeILIEc,Lucy Bedroque,EartH,2026-09-25T18:30,ticketmaster,,2026-09-03,2026-09-23,,
ticketmaster:1AwZkoeGkdp1OTx,Voxtrot,The Lexington,2026-09-25T19:30,ticketmaster,,2026-02-06,2026-09-23,,
ticketmaster:1kuOv0OEGA2geOf,Ella Mai,Eventim Apollo,2026-09-25T19:00,ticketmaster,,2026-04-10,2026-09-23,,
ticketmaster:1kuYvNuOGAGKlfx,Phantom of the Opera,His Majesty's Theatre,2026-09-25T19:30,ticketmaster,,2025-09-22,2026-09-23,,
ticketmaster:G5dzZ_7C8p3ye,Space,O2 Academy Islington,2026-09-25T19:00,ticketmaster,,2026-02-13,2026-09-23,,
ticketmaster:G5dzZ_aU0CejP,Death Cab for Cutie,Troxy,2026-09-25T19:00,ticketmaster,,2026-05-11,2026-09-23,,
ticketmaster:G5dzZ_d9SCgaO,The Molotovs,O2 Forum Kentish Town,2026-09-25T19:00,ticketmaster,,2026-02-05,2026-09-23,,
ticketmaster:G5dzZbzNEw9gh,Harold Melvins Bluenotes 'Wake Up Everybody' 50th Anniversary Show,O2 Empire,2026-09-25T18:30,ticketmaster,,2025-12-19,2026-09-23,,
ticketmaster:G5vHZ_1QszSfU,Pale Waves,KOKO,2026-09-25T18:00,ticketmaster,,2026-05-15,2026-09-23,,
ticketmaster:G5vHZ_1mzbf3u,Split Chain,The Underworld,2026-09-25T18:00,ticketmaster,,2026-05-18,2026-09-23,,
ticketmaster:G5vHZ_8GV41kZ,The Tower of London - Standard All Day Entry,Tower Bridge Exhibition,2026-09-25T10:00,ticketmaster,,2026-08-03,2026-09-23,,sold out or off sale
ticketmaster:G5vHZ_AIXPh--,"I love you, but... I chose The Maine",Roundhouse,2026-09-25T19:00,ticketmaster,,2026-03-06,2026-09-23,,
ticketmaster:G5vHZ_uV7Wrx5,Comedy At Cadogan Hall with David O'Doherty,Cadogan Hall,2026-09-25T19:30,ticketmaster,,2026-06-29,2026-09-23,,
ticketmaster:G5vHZbV7ysHov,I Prevail,Alexandra Palace,2026-09-25T18:30,ticketmaster,,2025-10-10,2026-09-23,,
ticketmaster:G5vHZbzENO6gE,Magnum,Islington Assembly Hall,2026-09-25T19:00,ticketmaster,,2026-02-20,2026-09-23,,
ticketmaster:LvZ18Q-BWaBOFtZvOtV3_,Soulidified - Early Show,The Lower Third,2026-09-25T18:00,ticketmaster,,2026-06-02,2026-09-23,,
ticketmaster:LvZ18Q-DS1NFzpZZzn3ZW,"James Zabiela, Henry Saiz + More",The Steelyard,2026-09-25T23:00,ticketmaster,,2026-06-02,2026-09-23,,
ticketmaster:LvZ18Q0Simw-l-4B4azhC,Friday Comedy Club London | Covent Garden,The Top Secret Comedy Club,2026-09-25T20:30,ticketmaster,,2026-07-07,2026-09-23,,
ticketmaster:LvZ18Q2qQ_adMHZZP-lex,THE FRIDAY NIGHT SHOW!,Up the Creek,2026-09-25T18:00,ticketmaster,,2025-10-21,2026-09-23,,
ticketmaster:LvZ18QEG3EXgrCMlA7zDg,DJ Nights: Mi-Soul Radio Fridays,Landing Canary Wharf,2026-09-25T19:00,ticketmaster,,2026-08-05,2026-09-23,,
ticketmaster:LvZ18QIU-OWcv-UZaaYOn,"Live Jazz from the Piano Bar at Red Room Studios, Soho",She Soho,2026-09-25T20:30,ticketmaster,,2026-04-14,2026-09-24,,
ticketmaster:LvZ18QIU-OWcv-UZaaYOt,"Live Jazz from the Piano Bar at Red Room Studios, Soho",She Soho,2026-09-25T18:30,ticketmaster,,2026-04-14,2026-09-24,,
ticketmaster:LvZ18QIzI6O29vT1thHZn,"Joe Herbert ""Blind Eyes"" (Downstairs)",Vortex Jazz Club,2026-09-25T18:45,ticketmaster,,2026-08-25,2026-09-23,,
ticketmaster:LvZ18QJrA0jlVsMdHtfvb,A Guy Called Gerald (Live),The Jazz Cafe,2026-09-25T18:30,ticketmaster,,2026-07-27,2026-09-23,,
ticketmaster:LvZ18QJrjQQXLMWBbvrF6,"Celebrating Songwriters in Jazz - featuring Fini Bearman, Amena & Rosa Witt",Vortex Jazz Club,2026-09-25T19:45,ticketmaster,,2026-07-27,2026-09-23,,
ticketmaster:LvZ18QL9BUnyUBYvqCRwh,The Best in Stand Up - Friday 25th September,Comedy Store,2026-09-25T19:30,ticketmaster,,2026-05-02,2026-09-23,,
ticketmaster:LvZ18QLEhI1UM_Ov1SUJO,VOODOO★LONDON <Metal Emo Punk Goth Party> TAKING BACK 2000s NOSTALGIA RAVE!,Omeara,2026-09-25T22:00,ticketmaster,,2026-05-05,2026-09-23,,
ticketmaster:LvZ18QLiny3HHFOZ06O_D,Dead Bob,New Cross Inn,2026-09-25T18:00,ticketmaster,,2026-05-06,2026-09-23,,
ticketmaster:LvZ18QLoiYfcKlZvqPtjt,Dele Sosimi Afrobeat Orchestra,O2 Academy Islington,2026-09-25T18:30,ticketmaster,,2026-05-01,2026-09-23,,
ticketmaster:LvZ18QNZepidGLOvG4Vl-,The Freshers Warehouse Rave - London Freshers 2026,E1,2026-09-25T23:00,ticketmaster,,2026-06-15,2026-09-23,,
ticketmaster:LvZ18QPK4H9obmgUVGZnj,Sexy Lady Massive present The Massive (London),The Jazz Cafe,2026-09-25T22:30,ticketmaster,,2026-07-20,2026-09-23,,
ticketmaster:LvZ18QbHVaVmlNYZvOMU4,"International Stand Up Comedy, Covent Garden",The Top Secret Comedy Club,2026-09-25T20:30,ticketmaster,,2025-06-02,2026-09-23,,
ticketmaster:LvZ18QxTTiVLwqYvOaDSP,The Witcher by candlelight,Kensington United Reformed Church,2026-09-25T19:30,ticketmaster,,2026-06-15,2026-09-23,,
ticketmaster:LvZ18Qxkrwmd5wZZzlYJq,The RnB Collective - Live,Landing Canary Wharf,2026-09-25T21:00,ticketmaster,,2026-06-04,2026-09-23,,
ticketmaster:Z3r9uZKbZL4Ze3-2dZeq,The Comedy About Spies,Adelphi Theatre,2026-09-25T19:30,ticketmaster,,2025-01-01,2026-09-23,,
ticketmaster:ZKr9uZKbZL4ZeoOpjZekk,Disney's Hercules,"Theatre Royal, Drury Lane",2026-09-25T19:30,ticketmaster,,2025-01-01,2026-09-23,,sold out or off sale
ticketmaster:Zor9uZKbZL4ZefAN5Z6,The Standard of Living,Theatre Royal Haymarket,2026-09-25T19:30,ticketmaster,,2025-01-01,2026-09-23,,sold out or off sale
ticketmaster:Zor9uZKbZL4ZefkovZk,Hay Fever,Wyndham's,2026-09-25T19:30,ticketmaster,,2025-01-01,2026-09-23,,sold out or off sale
tribe:dalstonsuperstore.com:37697,Issa M-A.D Haus Party!,Dalston Superstore,2026-09-25T22:00,tribe,,,2026-09-23,,
tribe:dalstonsuperstore.com:37721,HIV & STI TESTING w/ POSITIVE EAST (FREE & CONFIDENTIAL),Dalston Superstore,2026-09-25T16:00,tribe,,,2026-09-23,,
tribe:www.towertheatre.org.uk:218834,Some Explicit Polaroids,Tower Theatre,2026-09-25T19:30,tribe,,,2026-09-23,,
dice:53rxd8,Voxtrot,The Lexington,2026-09-26T19:30,dice,,,2026-09-23,,
jsonld:www.museumofcomedy.com:2026-09-26T14:00:james-campbell-s-comedy-4-kids-reducks,James Campbell’s Comedy 4 Kids: Reducks,Museum of Comedy,2026-09-26T14:00,jsonld,,,2026-09-23,,available
jsonld:www.museumofcomedy.com:2026-09-26T16:00:lst-new-comedian-of-the-year-2026-heats,LST New Comedian of the Year 2026: Heats,Museum of Comedy,2026-09-26T16:00,jsonld,,,2026-09-23,,available
jsonld:www.museumofcomedy.com:2026-09-26T19:00:lst-new-comedian-of-the-year-2026-heats,LST New Comedian of the Year 2026: Heats,Museum of Comedy,2026-09-26T19:00,jsonld,,,2026-09-23,,available
jsonld:www.ovoarena.co.uk:2026-09-26T18:00:anastacia-ntk-tour-2026,Anastacia - #NTK Tour 2026,OVO Arena Wembley,2026-09-26T18:00,jsonld,,2025-09-05,2026-09-23,,available
spektrix:alexandrapalace:939201ATVPHBBKVHKLDMSRNBRCVRNQKPS,Haringey Huskies v Slough Spitfires,Alexandra Palace,2026-09-26T17:30,spektrix,1200,2026-08-05,2026-09-23,,263
spektrix:arcolatheatre:391988AGTPTRMGGSHNKKBJTMVTBRDGSBK,The Turn of the Screw,Arcola Theatre,2026-09-26T19:30,spektrix,158,2026-02-17,2026-09-23,,33
spektrix:arcolatheatre:392179ATPHSKJHTQMQGQMRLPBHJJQLDKK,The Turn of the Screw,Arcola Theatre,2026-09-26T15:00,spektrix,158,2026-02-17,2026-09-23,,2
spektrix:arcolatheatre:400780ANVNTTHDPBTQMBGJDPJCJDNLNDJ,Fire Fire,Arcola Theatre,2026-09-26T15:30,spektrix,101,2026-06-18,2026-09-23,,78
spektrix:arcolatheatre:401579ATPRNQMNBGVQLRNJPQKTBLNGLCV,Fire Fire,Arcola Theatre,2026-09-26T19:00,spektrix,101,2026-06-18,2026-09-23,,86
spektrix:barbicancentre:3598401AKBLQKPRVNHMCSGMDGLLHSTNLK,FFC: The Wrong Trousers + A Close Shave (U),Barbican Arts Centre,2026-09-26T11:00,spektrix,156,2026-06-15,2026-09-23,,4
spektrix:barbicancentre:3602001AMQQLRTQCLQVHPGHKSQKNVPBMH,LAH: Final Repercussions,Barbican Arts Centre,2026-09-26T19:30,spektrix,,2026-06-25,2026-09-23,,
spektrix:barbicancentre:3604401ABNBNBQBCCDBQHLMGVLSVLDPHQ,Rififi (15) with introduction by Caline Matar,Barbican Arts Centre,2026-09-26T14:00,spektrix,,2026-06-25,2026-09-23,,
spektrix:barbicancentre:3604601ABTSQTMGKLKSMPRBTLTGNBDDLT,LAH: The Crack and the Boom Listening Session,Barbican Arts Centre,2026-09-26T16:30,spektrix,,2026-06-25,2026-09-23,,
spektrix:barbicancentre:3733004ALGLLDHPPKKSPCBTKLKKGCJSLQ,Parent & Baby Screening: Lady (15),Barbican Arts Centre,2026-09-26T11:15,spektrix,156,2026-09-14,2026-09-23,,82
spektrix:bushtheatre:307742AKLGSRCJJJJCNJGHPVTDSDTHRVB,Darkling,Bush Theatre,2026-09-26T19:30,spektrix,,2026-06-12,2026-09-23,,
spektrix:bushtheatre:307935AGGNKKKCSNPDDPNNJGHJBQNTVSB,Darkling,Bush Theatre,2026-09-26T14:30,spektrix,,2026-06-12,2026-09-23,,
spektrix:cadoganhall:1312836ASDVLHRJRSPJTGGPJLGBDBPSQH,Polish Jazz Festival: Leszek Mozdzer plays Komeda,Cadogan Hall,2026-09-26T20:30,spektrix,,,2026-09-23,,
spektrix:cadoganhall:1313834AGHSTHDKRHDPVLLPGBRRPTDGGV,Polish Jazz Festival: Chopin Residue by Mariusz Szypura,Cadogan Hall,2026-09-26T18:00,spektrix,,2026-04-23,2026-09-23,,
spektrix:donmarwarehouse:124012ASBMNHQJKGRPMHQBBTGJNRNPLGB,A MONTH IN THE COUNTRY,Donmar Warehouse,2026-09-26T14:30,spektrix,,2026-02-06,2026-09-23,,
spektrix:donmarwarehouse:124812APKQCDLNQPKGHBKHGBKHHBSNCCT,A MONTH IN THE COUNTRY,Donmar Warehouse,2026-09-26T19:30,spektrix,,2026-02-06,2026-09-23,,
spektrix:ica:1837401ANBBCPNPGMHNLVPMCGNMLDVBMR,Maddie Ashman,Institute of Contemporary Arts,2026-09-26T19:30,spektrix,405,2026-06-19,2026-09-23,,405
spektrix:ica:1869401AGDKLJQPLBRJNKJPVCMRSSKPKG,Joyce/Snow: Back and Forth + To Lavoisier on 16mm,Institute of Contemporary Arts,2026-09-26T13:30,spektrix,186,2026-07-16,2026-09-23,,107
spektrix:ica:1869801AQNKVRCCNPQJBRCDQHQVSTVBCM,Joyce/Snow: La Raison Avant La Passion + A&B in Ontario on 16mm,Institute of Contemporary Arts,2026-09-26T16:00,spektrix,186,2026-07-16,2026-09-23,,126
spektrix:ica:1899601ASQSNVTGMVSTBTBHDGGQRQGJSQ,HKFF: The Aviator's Wife + Q&A,Institute of Contemporary Arts,2026-09-26T18:00,spektrix,186,2026-08-14,2026-09-23,,87
spektrix:ica:1899801AGDNJJGRVPVRPCNNVKTVLPLMJP,HKFF: Shades of Silk & Shorts + Q&A,Institute of Contemporary Arts,2026-09-26T20:20,spektrix,186,2026-08-14,2026-09-23,,51
spektrix:ica:1947201ALGRSBRDHSNLDBGDLDQDCMBPBS,Off-Circuit: UK PREMIERE Pin de Fartie + Q&A,Institute of Contemporary Arts,2026-09-26T12:05,spektrix,45,2026-06-14,2026-09-25,,41
spektrix:lightroom:206011ATSBKSMHLLJRRMKLRBHTCJQMTBN,GAWD vs. The People,Lightroom,2026-09-26T19:30,spektrix,250,2026-08-06,2026-09-23,,62
spektrix:lightroom:206012AKRKGMNLCCQGGRHNMCGBMCHDQDS,GAWD vs. The People,Lightroom,2026-09-26T21:00,spektrix,250,2026-08-06,2026-09-23,,154
spektrix:littleangeltheatre:542097AMBVJKGBVRJSHHCKJMSGSHPSGBQ,Pip and Posy Live on Stage,Little Angel Theatre,2026-09-26T10:30,spektrix,100,2026-06-23,2026-09-23,2026-09-23,2
spektrix:littleangeltheatre:542098ASVJMBNQCCHDMQMKBKRTMBPHGHL,Pip and Posy Live on Stage,Little Angel Theatre,2026-09-26T13:30,spektrix,100,2026-06-23,2026-09-23,2026-09-23,0
spektrix:littleangeltheatre:542099ALVKHLHGKBDQDDPJPJKDMGLLRNK,Pip and Posy Live on Stage,Little Angel Theatre,2026-09-26T15:30,spektrix,100,2026-06-23,2026-09-23,2026-09-23,0
spektrix:littleangeltheatre:544301AQNLNVNPGSBLNLPQQVQCLGPCVSL,The Pied Piper: A Rat's Tale,Little Angel Theatre,2026-09-26T11:00,spektrix,76,2026-06-28,2026-09-23,,31
spektrix:littleangeltheatre:544302AQLRJBTSTRLTQLDGSPPQHLTLDCP,The Pied Piper: A Rat's Tale,Little Angel Theatre,2026-09-26T14:00,spektrix,76,2026-06-28,2026-09-23,,32
spektrix:littleangeltheatre:544498APRTGPNNQBQHMDQKDQLQPBPMDBP,The Pied Piper: A Rat's Tale,Little Angel Theatre,2026-09-26T16:00,spektrix,76,2026-06-28,2026-09-23,,38
spektrix:richmix:1841402AKNDKSDHDNQVNGDPJDMCTDNNBJ,Anarchist Book Fair: Afterparty,Rich Mix,2026-09-26T19:30,spektrix,370,2026-02-27,2026-09-23,,18
spektrix:royalcourt:345769AGCLVTCQGJPRTRJKNLMSVKPTCKC,Man to Man,Royal Court Theatre,2026-09-26T18:30,spektrix,,2025-11-04,2026-09-23,,
spektrix:royalcourt:346768ATPVLKCCCQCJCHNKPNMMBKJDCVC,Man to Man,Royal Court Theatre,2026-09-26T13:30,spektrix,,2025-11-04,2026-09-23,,
spektrix:sohotheatre:1443205AGTQGDVCJSSVHPGPDPRQVMJSRN,Catherine Bohart: Borrowing Trouble,Soho Theatre,2026-09-26T19:15,spektrix,170,2025-11-14,2026-09-23,,4
spektrix:sohotheatre:1517003AVVMJDNNDTVDCLSDQMVQPDCTGC,Frankie Monroe: DEAD AND ALIVE!!!!,Soho Theatre,2026-09-26T20:00,spektrix,,2026-03-06,2026-09-23,,
spektrix:sohotheatre:1558821ASLKLRMKSRNDPJBTGRPSCVKQQN,Bigfoot Ripped My Dog In Half I Saw It,Soho Theatre,2026-09-26T19:00,spektrix,,2026-05-05,2026-09-23,,
spektrix:sohotheatre:1560205ALBBLVPJBBGJBMKQQBJKVNTTND,Bigfoot Ripped My Dog In Half I Saw It,Soho Theatre,2026-09-26T16:00,spektrix,,2026-05-05,2026-09-23,,
spektrix:sohotheatre:1585813ALMSCHCBNPPVLQQVKJCGBMNTTQ,You’re So Special,Soho Theatre,2026-09-26T18:45,spektrix,92,2026-06-03,2026-09-23,2026-09-25,0
spektrix:sohotheatre:1615005APPSNKHBGDPBRLCNLMHQVLTBCC,"Pierre Novellie: Okay, One More Then Bedtime",Soho Theatre,2026-09-26T21:15,spektrix,170,2026-07-24,2026-09-23,2026-09-26,0
spektrix:sohotheatre:1619005AQSVMTTBKHVLKGSSVMRNVGHTRB,David Elms Describes a Room,Soho Theatre,2026-09-26T21:00,spektrix,,2026-08-11,2026-09-23,,
spektrix:sohotheatre:1623405APHNMHQNLTQDPQDHRGHBPDVGRR,Those People,Soho Theatre,2026-09-26T22:30,spektrix,92,2026-08-21,2026-09-23,,25
spektrix:sohotheatre:1636603ABNMMRKMRGDJJCRLLPSDBPJGVJ,Noam Shuster-Eliassi Live in London,Soho Theatre,2026-09-26T20:45,spektrix,92,2026-09-14,2026-09-23,2026-09-24,0
spektrix:sohotheatre:1637603ANLHJPGMKNKNSJCVTQGQCQMLDB,Noam Shuster-Eliassi Live in London,Soho Theatre,2026-09-26T16:15,spektrix,92,2026-09-14,2026-09-23,2026-09-25,0
spektrix:southwarkplayhouse:126606AGSQQKSTBDVKSGVNBSJRVRPGMKS,Jane Eyre,Southwark Playhouse Borough,2026-09-26T14:30,spektrix,290,2026-03-10,2026-09-23,,132
spektrix:southwarkplayhouse:126806ALMCKKJMQHSHRJKCNKJVCJNMRNB,Jane Eyre,Southwark Playhouse Borough,2026-09-26T19:00,spektrix,294,2026-03-10,2026-09-23,,161
spektrix:southwarkplayhouse:137205AKNJLBJJSCQBPPKJMNMNHHNBLRR,Night City,Southwark Playhouse Borough,2026-09-26T19:30,spektrix,132,2026-04-14,2026-09-23,,101
spektrix:southwarkplayhouse:138806AJBMBCRJCDPPJJLMBLTTKQQRTPR,Night City,Southwark Playhouse Borough,2026-09-26T15:00,spektrix,132,2026-04-14,2026-09-23,,83
spektrix:southwarkplayhouse:147205ACBNJLKTSQBNJLSKKNHDJQVRQJR,Twenty Thousand Streets Under the Sky,Southwark Playhouse Borough,2026-09-26T19:00,spektrix,226,2026-06-25,2026-09-23,,157
spektrix:southwarkplayhouse:148602ADMSSJSLDJDGPSCSGRCBKSGHQMG,Twenty Thousand Streets Under the Sky,Southwark Playhouse Borough,2026-09-26T14:30,spektrix,226,2026-06-25,2026-09-23,,98
spektrix:southwarkplayhouse:157406ALDGNKRTDVLHGDHVTJGBMGGRKLN,Twenty Thousand Streets Under the Sky Playtext,Southwark Playhouse Borough,2026-09-26T14:30,spektrix,50,2026-09-07,2026-09-23,,50
spektrix:southwarkplayhouse:158612AKMLRQKJKGNHCLRHQHPCMVVQQJB,Twenty Thousand Streets Under the Sky Bundle,Southwark Playhouse Borough,2026-09-26T19:00,spektrix,50,2026-09-07,2026-09-23,,50
spektrix:southwarkplayhouse:159005AQDTGGNPKQNMCNSLMRKPHPTVRBM,Twenty Thousand Streets Under the Sky Bundle,Southwark Playhouse Borough,2026-09-26T14:30,spektrix,50,2026-09-07,2026-09-23,,49
spektrix:southwarkplayhouse:159212ARQPQBPVVDPSSNNKMRJCCNLJPJM,Twenty Thousand Streets Under the Sky Playtext,Southwark Playhouse Borough,2026-09-26T19:00,spektrix,50,2026-09-07,2026-09-23,,50
spektrix:southwarkplayhouse:160212ARHCHQCMGSMNPDJMDTLMJPRNBMJ,Twenty Thousand Streets Under the Sky Programme,Southwark Playhouse Borough,2026-09-26T19:00,spektrix,50,2026-09-07,2026-09-23,,48
spektrix:southwarkplayhouse:160405ALLSLTCSGRSHQHBBJVQMQBTTRNN,Twenty Thousand Streets Under the Sky Programme,Southwark Playhouse Borough,2026-09-26T14:30,spektrix,50,2026-09-07,2026-09-23,,46
spektrix:stratfordeast:180613ABGRPPTMPMJSCVLRHJJDQNGSQMC,Bloodsport,Stratford East,2026-09-26T19:30,spektrix,,2026-03-07,2026-09-23,,
spektrix:stratfordeast:180805AJRVTMJPQRBNBJBGDBQKMBPJGJV,Bloodsport,Stratford East,2026-09-26T14:30,spektrix,,2026-03-07,2026-09-23,,
spektrix:theplace:886638ALBLPVBDSBDGTQVCNBQSBNSDVMN,Autumn/ Winter 26: Seke Chimutengwende - The Last Quartet,The Place,2026-09-26T19:30,spektrix,118,2026-05-18,2026-09-23,2026-09-26,0
spektrix:tricycle:837252ADJBKPCKCJLMCVHTGKHGGKVNLPJ,TABLE 17,Kiln Theatre,2026-09-26T19:30,spektrix,,2026-06-03,2026-09-23,,
spektrix:tricycle:838250AKSNSSDVMSTLGMJQLDCHPHDSHNL,TABLE 17,Kiln Theatre,2026-09-26T14:30,spektrix,,2026-06-03,2026-09-23,,
spektrix:tricycle:845651AHLTTPTCQPKTTBLVPQBVLGJVSHH,Audio Description Add-ons,Kiln Theatre,2026-09-26T14:30,spektrix,37,2022-11-01,2026-09-24,,8
spektrix:tricycle:846650ANTHHSLDLTMPKDVLSRQLCSDRTNM,Audio Description Add-ons,Kiln Theatre,2026-09-26T19:30,spektrix,37,2022-11-01,2026-09-24,,8
spektrix:tricycle:893449ASCTJSBNGPBDSJKHVSKDDGGPJLL,NT Live: The Misanthrope,Kiln Theatre,2026-09-26T19:00,spektrix,,2026-08-14,2026-09-23,,
spektrix:unicorntheatre:348487ALSKMNDCRCHRLVRCGPCHQNBLTNM,Pocket Money,Unicorn Theatre,2026-09-26T10:30,spektrix,,2026-02-09,2026-09-23,,
spektrix:wiltons:328950ACSRHRPNKNDPHQSLDKBTMVKNJVC,FLOP! The Best Songs From The Worst Musicals,Wilton's Music Hall,2026-09-26T19:00,spektrix,,2026-03-17,2026-09-23,,
spektrix:wiltons:329148ATTKHRNQGPBPNKPRRGBHKLLPCGT,FLOP! The Best Songs From The Worst Musicals,Wilton's Music Hall,2026-09-26T14:30,spektrix,,2026-03-17,2026-09-23,,
spektrix:woolwichworks:420401APTSMDQSMGDRPPCHBMCCNNDJHJH,The MixTape Poetry Festival,Woolwich Works,2026-09-26T14:00,spektrix,1000,2026-07-29,2026-09-23,,67
ticketmaster:17GOv0G61U_EOc1,Burner Â No One Is Coming To Save Us Â Album Release Show,The Lower Third,2026-09-26T19:00,ticketmaster,,2026-05-20,2026-09-23,,sold out or off sale
ticketmaster:17GOv0G6GHvyOSZ,Maddie Ashman,Institute of Contemporary Arts,2026-09-26T19:30,ticketmaster,,2026-06-24,2026-09-23,,sold out or off sale
ticketmaster:17u8v0G65INWiLA,The Book Of Mormon,Prince of Wales Theatre,2026-09-26T19:30,ticketmaster,,2026-05-26,2026-09-23,,
ticketmaster:17u8v0G65INsirw,The Book Of Mormon,Prince of Wales Theatre,2026-09-26T14:30,ticketmaster,,2026-05-26,2026-09-23,,
ticketmaster:17u8v0G6GwQJtLU,WXV Global Series: Red Roses v New Zealand,Allianz Stadium,2026-09-26T15:00,ticketmaster,,2026-06-12,2026-09-23,,
ticketmaster:17u8v0G6uJIFj_X,CHAT NOIR!,The Lost Estate,2026-09-26T12:45,ticketmaster,,2026-06-25,2026-09-23,,
ticketmaster:17u8v0G6uJIpir2,CHAT NOIR!,The Lost Estate,2026-09-26T18:45,ticketmaster,,2026-06-25,2026-09-23,,
ticketmaster:17u8v0G6uJyR-L7,BIGBANG Premium Packages,Tottenham Hotspur Stadium,2026-09-26T16:30,ticketmaster,,2026-06-26,2026-09-23,,
ticketmaster:17u8v0G6uLVlBK4,Laver Cup - Session Three,The O2,2026-09-26T11:30,ticketmaster,,2026-06-26,2026-09-23,,
ticketmaster:17u8v0G6uMD9QeG,Belle Livingstone's 58th Street Country Club,Belle Livingstone's 58th Street Country Club,2026-09-26T13:00,ticketmaster,,2026-06-29,2026-09-23,,
ticketmaster:17u8v0G6uMDPn7z,Belle Livingstone's 58th Street Country Club,Belle Livingstone's 58th Street Country Club,2026-09-26T19:00,ticketmaster,,2026-06-29,2026-09-23,,
ticketmaster:17u8v0G6udpEHx8,BIGBANG 2026 World Tour,Tottenham Hotspur Stadium,2026-09-26T16:30,ticketmaster,,2026-06-26,2026-09-23,,
ticketmaster:17u8v0G6uxh5qFW,Laver Cup - Session Four,The O2,2026-09-26T17:30,ticketmaster,,2026-06-26,2026-09-23,,
ticketmaster:17uYv0G62odnPX3,David Bowie: You're Not Alone,Lightroom,2026-09-26T12:30,ticketmaster,,2026-07-20,2026-09-23,,
ticketmaster:1AMZk3bGketRJYk,I'm Every Woman: the Chaka Khan Musical,OVO Arena Wembley,2026-09-26T14:30,ticketmaster,,2026-04-24,2026-09-23,,
ticketmaster:1AMZk3bGketWpwD,I'm Every Woman: the Chaka Khan Musical,OVO Arena Wembley,2026-09-26T19:30,ticketmaster,,2026-04-24,2026-09-23,,
ticketmaster:1AMZkG-GkdzfzLN,Anastacia,OVO Arena Wembley,2026-09-26T18:00,ticketmaster,,2025-09-05,2026-09-23,,
ticketmaster:1AMZkfkGkdNlxOp,Million Dollar Quartet,The Arts at Marble Arch,2026-09-26T19:30,ticketmaster,,2026-08-07,2026-09-23,,
ticketmaster:1AMZkfkGkdNqeLD,Million Dollar Quartet,The Arts at Marble Arch,2026-09-26T14:30,ticketmaster,,2026-08-07,2026-09-23,,
ticketmaster:1AMZkfxGkeI80Ni,Inala,House of Sisters Grimm,2026-09-26T16:00,ticketmaster,,2026-09-02,2026-09-23,,
ticketmaster:1AMZkfxGkeIrf0p,Inala,House of Sisters Grimm,2026-09-26T19:30,ticketmaster,,2026-09-02,2026-09-23,,
ticketmaster:1AMZko0Gkd8-9hk,The Hunger Games On Stage,Canary Wharf Theatre,2026-09-26T19:30,ticketmaster,,2026-03-09,2026-09-23,,
ticketmaster:1AMZko0Gkd8f9QA,The Hunger Games On Stage,Canary Wharf Theatre,2026-09-26T14:30,ticketmaster,,2026-03-09,2026-09-23,,
ticketmaster:1AdfZ_3GkTvjK6n,My Sons a Queer (But What Can You Do?),Apollo Theatre,2026-09-26T14:30,ticketmaster,,2026-09-15,2026-09-23,,
ticketmaster:1AdfZ_3GkTvnS6T,My Sons a Queer (But What Can You Do?),Apollo Theatre,2026-09-26T19:30,ticketmaster,,2026-09-15,2026-09-23,,
ticketmaster:1AdjZ_3GkRQCbV6,Sting's the Last Ship,"Theatre Royal, Drury Lane",2026-09-26T14:30,ticketmaster,,2026-09-11,2026-09-23,,
ticketmaster:1AdjZ_3GkRQjbVs,Sting's the Last Ship,"Theatre Royal, Drury Lane",2026-09-26T19:30,ticketmaster,,2026-09-11,2026-09-23,,
ticketmaster:1AdjZ_6Gklmfk1r,The Prat Pack,London Palladium,2026-09-26T18:30,ticketmaster,,2026-04-10,2026-09-23,,
ticketmaster:1AeGZ_oGkSr_eD0,corto.alto,Blue Note London,2026-09-26T19:00,ticketmaster,,2026-09-04,2026-09-23,,
ticketmaster:1AeGZ_oGkSr_xDJ,corto.alto,Blue Note London,2026-09-26T21:30,ticketmaster,,2026-09-04,2026-09-23,,
ticketmaster:1AgZk3eGkdKakBI,Shakespeare's Globe - Much Ado About Nothing,Shakespeare's Globe,2026-09-26T14:00,ticketmaster,,2026-04-02,2026-09-23,,
ticketmaster:1AgZk3eGkdKppH9,Shakespeare's Globe - Much Ado About Nothing,Shakespeare's Globe,2026-09-26T19:30,ticketmaster,,2026-04-02,2026-09-23,,
ticketmaster:1AgZkGNGkdSL4O1,Mamma Mia,Novello,2026-09-26T15:00,ticketmaster,,2025-09-03,2026-09-23,,
ticketmaster:1AgZkGNGkdSiPOo,Mamma Mia,Novello,2026-09-26T19:30,ticketmaster,,2025-09-03,2026-09-23,,
ticketmaster:1AgZkfFGkdz1Q27,Zuffa Boxing 11,Copper Box Arena,2026-09-26T17:00,ticketmaster,,2026-08-14,2026-09-23,,
ticketmaster:1AwZkfKGkdOv8xU,Pet Twin + the Callbirds + the Temple of Venus + Corazon,The Troubadour,2026-09-26T20:00,ticketmaster,,2026-08-19,2026-09-23,,
ticketmaster:1AwZkooGkdxMO-n,Voxtrot,The Lexington,2026-09-26T19:30,ticketmaster,,2026-02-19,2026-09-23,,sold out or off sale
ticketmaster:1kuYvNuOGAGOl4a,Phantom of the Opera,His Majesty's Theatre,2026-09-26T14:30,ticketmaster,,2025-09-22,2026-09-23,,
ticketmaster:1kuYvNuOGAGcl4-,Phantom of the Opera,His Majesty's Theatre,2026-09-26T19:30,ticketmaster,,2025-09-22,2026-09-23,,
ticketmaster:G5dzZ_1kfBxk8,Death Cab for Cutie,Troxy,2026-09-26T19:00,ticketmaster,,2026-05-11,2026-09-23,,
ticketmaster:G5dzZ_CntL3bq,InPop,O2 Academy Islington,2026-09-26T18:00,ticketmaster,,2026-07-15,2026-09-23,,
ticketmaster:G5dzZ_kmcD0-u,The Molotovs,O2 Forum Kentish Town,2026-09-26T19:00,ticketmaster,,2026-03-20,2026-09-23,,
ticketmaster:G5vHZ_8GVN1kP,The Tower of London - Standard All Day Entry,Tower Bridge Exhibition,2026-09-26T10:00,ticketmaster,,2026-08-03,2026-09-23,,sold out or off sale
ticketmaster:G5vHZ_ddoT7F6,Public Service Broadcasting,Alexandra Palace,2026-09-26T18:30,ticketmaster,,2026-01-29,2026-09-23,,
ticketmaster:G5vHZbM50TIUx,Good Kid - Can We Hang Out? Tour,Roundhouse,2026-09-26T19:00,ticketmaster,,2025-12-11,2026-09-23,,
ticketmaster:LvZ18Q0SczUP9HN_PYlfb,Saturday Comedy Club London | Covent Garden,The Top Secret Comedy Club,2026-09-26T20:30,ticketmaster,,2026-07-07,2026-09-23,,
ticketmaster:LvZ18Q0Vnf6sQtGjpsZaq,Ebony Steel Band,O2 Academy Islington,2026-09-26T18:30,ticketmaster,,2026-02-25,2026-09-23,,
ticketmaster:LvZ18Q0_HUD9fJehD9Q-j,Soul City: House music every Saturday,The Jazz Cafe,2026-09-26T22:30,ticketmaster,,2026-07-02,2026-09-23,,
ticketmaster:LvZ18Q0_yh0Taj1_7CN1z,"Old School Indie LONDON - Over 30s Daytime Party, Sat 26th Sept, 3pm-7pm",Scala,2026-09-26T15:00,ticketmaster,,2026-07-02,2026-09-23,,
ticketmaster:LvZ18Q2_xyYrqbOZ0DPdh,Saturday Soul Lunch | Soul Giants with FiL Straughan,Landing Canary Wharf,2026-09-26T13:00,ticketmaster,,2025-10-20,2026-09-23,,
ticketmaster:LvZ18Q2qNuXqiUOZ0aJq5,SATURDAY NIGHT COMEDY - UP THE CREEK,Up the Creek,2026-09-26T18:00,ticketmaster,,2025-10-21,2026-09-23,,
ticketmaster:LvZ18Q8daFtuOSOZ04xcJ,Whitney Houston | Janine Johnson,Landing Canary Wharf,2026-09-26T21:00,ticketmaster,,2025-10-28,2026-09-23,,
ticketmaster:LvZ18QEM0udLIQePhcIxF,Joshua James (All Night Long) at Jazz Cafe,The Jazz Cafe,2026-09-26T22:30,ticketmaster,,2026-08-13,2026-09-23,,
ticketmaster:LvZ18QEWeasfGLmSRbDBs,soulcity,The Jazz Cafe,2026-09-26T22:30,ticketmaster,,2026-08-14,2026-09-23,,
ticketmaster:LvZ18QEu3TIaifshFa9ym,DJ Nights: The Caribbean One Love Dinner & After-Party with Saxon Sound,Landing Canary Wharf,2026-09-26T20:00,ticketmaster,,2026-08-05,2026-09-23,,
ticketmaster:LvZ18QI-fn2IYK1rbeNrJ,I LOVE REGGAETON - LONDON'S BIGGEST REGGAETON PARTY,Electric Brixton,2026-09-26T23:00,ticketmaster,,2026-08-21,2026-09-23,,
ticketmaster:LvZ18QIUxWmrKV6x_A9_d,Alfies Soho - Live Jazz and Blues,She Soho,2026-09-26T20:00,ticketmaster,,2026-04-14,2026-09-23,,
ticketmaster:LvZ18QIUxWmrKV6x_A9_e,Alfies Soho - Live Jazz and Blues,She Soho,2026-09-26T18:30,ticketmaster,,2026-04-14,2026-09-23,,
ticketmaster:LvZ18QIoKmpdIJz0BUC9u,The Big Gig 2026,O2 Academy Islington,2026-09-26T12:00,ticketmaster,,2026-08-18,2026-09-23,,
ticketmaster:LvZ18QJrC92qbQxD9RFPV,Gary Crosby & Denys Baptiste presents Sonny Rollins: Saxophone Colossus,Vortex Jazz Club,2026-09-26T19:45,ticketmaster,,2026-07-29,2026-09-23,,
ticketmaster:LvZ18QLbO_tiFAYZ0KRUq,The Best in Stand Up - Saturday 26th September 9.30pm,Comedy Store,2026-09-26T21:30,ticketmaster,,2026-05-02,2026-09-23,,
ticketmaster:LvZ18QLbZc6odNYZyTqMY,The Best in Stand Up - Saturday 26th September 6.30pm,Comedy Store,2026-09-26T18:30,ticketmaster,,2026-05-02,2026-09-23,,
ticketmaster:LvZ18QLd-Uy3jaOvqMUH7,Shogun Sessions: Outernet Live,The Traitors Live Experience,2026-09-26T21:30,ticketmaster,,2026-04-28,2026-09-23,,
ticketmaster:LvZ18QLihw60DDOZ0O8ST,Aquilo,26 Leake Street,2026-09-26T19:00,ticketmaster,,2026-05-22,2026-09-23,,
ticketmaster:LvZ18QN8e8aU7zOZgo9XZ,Live Band Karaoke,Up the Creek,2026-09-26T22:30,ticketmaster,,2026-06-18,2026-09-23,,
ticketmaster:LvZ18QNZ2YghW3OZ0AckE,Ghibli classics: Spirited Away by candlelight,Kensington United Reformed Church,2026-09-26T18:30,ticketmaster,,2026-06-15,2026-09-23,,
ticketmaster:LvZ18QQpM1nfcAOZ05JZw,Binomio de Oro de America,Electric Brixton,2026-09-26T18:30,ticketmaster,,2026-03-02,2026-09-23,,
ticketmaster:LvZ18QbHVaVmlNYZvOMUp,"International Stand Up Comedy, Covent Garden",The Top Secret Comedy Club,2026-09-26T20:30,ticketmaster,,2025-06-02,2026-09-23,,
ticketmaster:LvZ18QhRPFeIDb8ZifXDM,Spread Eagle,New Cross Inn,2026-09-26T18:00,ticketmaster,,2026-03-19,2026-09-23,,
ticketmaster:LvZ18QjS0QqdLBZZzfhH_,Forager,EartH,2026-09-26T19:30,ticketmaster,,2026-04-10,2026-09-23,,
ticketmaster:LvZ18Qn4SOyqHan9IIUEs,Bollywood boat party on the Thames with a free after party and food on sale,Crown Pier,2026-09-26T20:00,ticketmaster,,2026-09-12,2026-09-23,,
ticketmaster:LvZ18QraMRlDmNZZMgqCC,Balimaya Project,The Jazz Cafe,2026-09-26T18:30,ticketmaster,,2026-04-30,2026-09-23,,
ticketmaster:LvZ18Qt-Zo78VdJtkc5wV,The Saturday Brunch Club,Landing Canary Wharf,2026-09-26T12:30,ticketmaster,,2026-09-02,2026-09-23,,
ticketmaster:Z3r9uZKbZL4Ze3-2dZeL,The Comedy About Spies,Adelphi Theatre,2026-09-26T19:30,ticketmaster,,2025-01-01,2026-09-23,,
ticketmaster:Z3r9uZKbZL4Ze3-2dZer,The Comedy About Spies,Adelphi Theatre,2026-09-26T14:30,ticketmaster,,2025-01-01,2026-09-23,,
ticketmaster:ZKr9uZKbZL4ZeoOpjZek6,Disney's Hercules,"Theatre Royal, Drury Lane",2026-09-26T14:30,ticketmaster,,2025-01-01,2026-09-23,,sold out or off sale
ticketmaster:ZKr9uZKbZL4ZeoOpjZekF,Disney's Hercules,"Theatre Royal, Drury Lane",2026-09-26T19:30,ticketmaster,,2025-01-01,2026-09-23,,sold out or off sale
ticketmaster:Zor9uZKbZL4ZefAN5ZF,The Standard of Living,Theatre Royal Haymarket,2026-09-26T14:30,ticketmaster,,2025-01-01,2026-09-23,,sold out or off sale
ticketmaster:Zor9uZKbZL4ZefAN5Za,The Standard of Living,Theatre Royal Haymarket,2026-09-26T19:30,ticketmaster,,2025-01-01,2026-09-23,,sold out or off sale
ticketmaster:Zor9uZKbZL4ZefkovZ6,Hay Fever,Wyndham's,2026-09-26T19:30,ticketmaster,,2025-01-01,2026-09-23,,sold out or off sale
tribe:dalstonsuperstore.com:37723,Femmi’s DRAG BRUNCH!,Dalston Superstore,2026-09-26T12:00,tribe,,,2026-09-23,,
tribe:www.towertheatre.org.uk:218841,Some Explicit Polaroids,Tower Theatre,2026-09-26T15:00,tribe,,,2026-09-23,,
tribe:www.towertheatre.org.uk:218850,Some Explicit Polaroids,Tower Theatre,2026-09-26T19:30,tribe,,,2026-09-23,,
dice:eoxx2o,Chapter 198 - WHEN SEPTEMBER ENDS,Electric Ballroom,2026-09-27T15:00,dice,,,2026-09-23,,
jsonld:bowarts.org:2026-09-27T11:00:bow-families-creating-your-own-paper-lanterns-and-brightenin,Bow Families: creating your own paper lanterns and brightening mid-autumn stories with Alison Lam,Nunnery Gallery,2026-09-27T11:00,jsonld,,2026-07-15,2026-09-23,,available
jsonld:www.conwayhall.org.uk:2026-09-27T15:00:bringing-it-home,Bringing It Home,Conway Hall,2026-09-27T15:00,jsonld,,,2026-09-23,,
jsonld:www.conwayhall.org.uk:2026-09-27T17:30:piatti-quartet-with-simon-callaghan-peter-cigleris,Piatti Quartet with Simon Callaghan & Peter Cigleris,Conway Hall,2026-09-27T17:30,jsonld,,,2026-09-23,,
jsonld:www.museumofcomedy.com:2026-09-27T14:00:james-campbell-s-comedy-4-kids-reducks,James Campbell’s Comedy 4 Kids: Reducks,Museum of Comedy,2026-09-27T14:00,jsonld,,,2026-09-23,,available
jsonld:www.museumofcomedy.com:2026-09-27T16:00:lst-new-comedian-of-the-year-2026-heats,LST New Comedian of the Year 2026: Heats,Museum of Comedy,2026-09-27T16:00,jsonld,,,2026-09-23,,available
jsonld:www.museumofcomedy.com:2026-09-27T19:00:lst-new-comedian-of-the-year-2026-heats,LST New Comedian of the Year 2026: Heats,Museum of Comedy,2026-09-27T19:00,jsonld,,,2026-09-23,,available
jsonld:www.ovoarena.co.uk:2026-09-27T16:30:diwali-story-a-musical,Diwali Story — A Musical,OVO Arena Wembley,2026-09-27T16:30,jsonld,,2026-05-11,2026-09-23,,available
spektrix:alexandrapalace:969801AHTPQBPMMKSCMHPGJMMJQDNGBNM,Pioneering Women in Early Television,Alexandra Palace,2026-09-27T14:00,spektrix,70,2026-08-12,2026-09-23,,11
spektrix:barbicancentre:3582601AGVSCRQDDVCQGVLMHVKGRCVCDS,Visit Conservatory,Barbican Arts Centre,2026-09-27T12:00,spektrix,380,2026-04-02,2026-09-23,2026-09-23,5
spektrix:barbicancentre:3582602ASMRBMVQRVLKMQPPGLGMDTKKQR,Visit Conservatory,Barbican Arts Centre,2026-09-27T13:00,spektrix,380,2026-04-02,2026-09-23,2026-09-23,0
spektrix:barbicancentre:3582603AGMJNQTNVCCKNDBDRCDCDHVSMT,Visit Conservatory,Barbican Arts Centre,2026-09-27T14:00,spektrix,380,2026-04-02,2026-09-23,2026-09-23,0
spektrix:barbicancentre:3582604AHQVQGNCKDRSHDPKCLDRJMPGKJ,Visit Conservatory,Barbican Arts Centre,2026-09-27T15:00,spektrix,380,2026-04-02,2026-09-23,2026-09-23,13
spektrix:barbicancentre:3582605ASRVLGMLNDCNCGQBHHJHHMMGBD,Visit Conservatory,Barbican Arts Centre,2026-09-27T16:00,spektrix,380,2026-04-02,2026-09-23,2026-09-23,35
spektrix:barbicancentre:3582606AHHNDPNLQPLMTVDGRSDJDBJJGP,Visit Conservatory,Barbican Arts Centre,2026-09-27T17:00,spektrix,380,2026-04-02,2026-09-23,2026-09-23,42
spektrix:barbicancentre:3734203AHHLTCMSLSVTPVVTKCCJVCNLJM,Members' Screening: Queen at Sea (15),Barbican Arts Centre,2026-09-27T11:00,spektrix,156,2026-09-14,2026-09-23,,92
spektrix:barbicancentre:3745605AQKGQGHGRMCPJLHKDHKCKGVMCM,The Invite (15) (AD),Barbican Arts Centre,2026-09-27T14:50,spektrix,156,2026-06-29,2026-09-23,,122
spektrix:barbicancentre:3748002AGHJCJMLBJQQDRSSSRLKQSBSQM,Whisper of the Heart (4k Restoration (U) DUBBED,Barbican Arts Centre,2026-09-27T14:30,spektrix,156,2026-09-14,2026-09-23,,125
spektrix:cadoganhall:1229034AVNTLCCLRLCNPQBSTVCDVLCGPR,A Jazz Jubilee,Cadogan Hall,2026-09-27T18:30,spektrix,,,2026-09-23,,
spektrix:ica:1870001AMQNRVQMLBKMVNLMGKLCLKHRVB,Joyce/Snow: Rameau's Nephew by Diderot (Thanx to Dennis Young) by Wilma Schoen on 16mm,Institute of Contemporary Arts,2026-09-27T12:30,spektrix,186,2026-07-16,2026-09-23,,124
spektrix:ica:1877201AJHTRKVSTMTCMRMBCGSQVSKCNJ,Bodies Adrift: Miami,Institute of Contemporary Arts,2026-09-27T17:30,spektrix,186,2026-07-22,2026-09-23,,155
spektrix:ica:1900001ATQQQRSHGRNTLHPTJHBMDKNHKS,HKFF: A Summer's Tale on 35mm + Q&A,Institute of Contemporary Arts,2026-09-27T19:30,spektrix,186,2026-08-14,2026-09-23,,103
spektrix:littleangeltheatre:542100ARJNQNHHQHQRBQQKDJBGJPCBMDC,Pip and Posy Live on Stage,Little Angel Theatre,2026-09-27T10:30,spektrix,100,2026-06-23,2026-09-23,2026-09-23,2
spektrix:littleangeltheatre:542101ANMSKBHQBPKTMTMJNBLGTPKTRVC,Pip and Posy Live on Stage,Little Angel Theatre,2026-09-27T13:30,spektrix,100,2026-06-23,2026-09-23,2026-09-23,0
spektrix:littleangeltheatre:542102ALCDPDBJVKLMKJRCPCHTRNSHVTG,Pip and Posy Live on Stage,Little Angel Theatre,2026-09-27T15:30,spektrix,100,2026-06-23,2026-09-23,2026-09-23,0
spektrix:littleangeltheatre:544303ASMCHCDPRKSQKQJLHLDNGBDVBDR,The Pied Piper: A Rat's Tale,Little Angel Theatre,2026-09-27T11:00,spektrix,76,2026-06-28,2026-09-23,,10
spektrix:littleangeltheatre:544304AMDTMDHLNKQQTCMMTPCSMDGRLJL,The Pied Piper: A Rat's Tale,Little Angel Theatre,2026-09-27T14:00,spektrix,76,2026-06-28,2026-09-23,,22
spektrix:sohotheatre:1465003ASTTQVNMQDKTDVJLTTHCLGNNKR,"Enter THE CASTLE with Jon Ronson: Mystery, Crime & Unmoored Men",Soho Theatre,2026-09-27T19:30,spektrix,,2025-12-05,2026-09-23,,
spektrix:sohotheatre:1510603ANHSLSRDQRBTBDLGCBMBGBPSVD,"Enter THE CASTLE with Jon Ronson: Mystery, Crime & Unmoored Men",Soho Theatre,2026-09-27T14:30,spektrix,,2025-12-05,2026-09-23,,
ticketmaster:17FYv0G62UiZs27,Yussef Dayes,Blue Note London,2026-09-27T19:00,ticketmaster,,2026-08-14,2026-09-23,,
ticketmaster:17FYv0G62Uiv-2k,Yussef Dayes,Blue Note London,2026-09-27T21:30,ticketmaster,,2026-08-14,2026-09-23,,
ticketmaster:17u8v0G65C-23iQ,Faulty Towers the Dining Experience,President Hotel,2026-09-27T18:30,ticketmaster,,2026-05-19,2026-09-27,,
ticketmaster:17u8v0G65C-23ib,Faulty Towers the Dining Experience,President Hotel,2026-09-27T13:30,ticketmaster,,2026-05-19,2026-09-27,,
ticketmaster:17u8v0G6uJI0jN6,CHAT NOIR!,The Lost Estate,2026-09-27T12:45,ticketmaster,,2026-06-25,2026-09-23,,
ticketmaster:17u8v0G6uMDSB6I,Belle Livingstone's 58th Street Country Club,Belle Livingstone's 58th Street Country Club,2026-09-27T13:00,ticketmaster,,2026-06-29,2026-09-23,,
ticketmaster:17u8v0G6uMHe1ai,Belle Livingstone's 58th Street Country Club,Belle Livingstone's 58th Street Country Club,2026-09-27T19:00,ticketmaster,,2026-06-29,2026-09-23,,
ticketmaster:17u8v0G6uxPDC8U,Laver Cup - Session Five,The O2,2026-09-27T10:30,ticketmaster,,2026-06-26,2026-09-23,,sold out or off sale
ticketmaster:17uYv0G61NUPQb_,Van Morrison In Concert,British Airways Theatre,2026-09-27T18:30,ticketmaster,,2026-05-15,2026-09-23,,
ticketmaster:17uYv0G62odzAXP,David Bowie: You're Not Alone,Lightroom,2026-09-27T12:30,ticketmaster,,2026-07-20,2026-09-23,,
ticketmaster:17uYv0G65R-XN_Z,Stranger Things: The First Shadow,Phoenix Arts Club,2026-09-27T15:00,ticketmaster,,2026-05-27,2026-09-27,,
ticketmaster:1AMZk3bGken1UgZ,I'm Every Woman: the Chaka Khan Musical,OVO Arena Wembley,2026-09-27T15:30,ticketmaster,,2026-04-24,2026-09-23,,
ticketmaster:1AMZkfkGkdNyxO0,Million Dollar Quartet,The Arts at Marble Arch,2026-09-27T15:00,ticketmaster,,2026-08-07,2026-09-23,,
ticketmaster:1AMZko0Gkd8m6jv,The Hunger Games On Stage,Canary Wharf Theatre,2026-09-27T14:30,ticketmaster,,2026-03-09,2026-09-23,,
ticketmaster:1AdfZ_3GkTeFKaN,My Sons a Queer (But What Can You Do?),Apollo Theatre,2026-09-27T18:00,ticketmaster,,2026-09-15,2026-09-23,,
ticketmaster:1AdfZ_3GkTvySFm,My Sons a Queer (But What Can You Do?),Apollo Theatre,2026-09-27T15:00,ticketmaster,,2026-09-15,2026-09-23,,
ticketmaster:1AdfZ_6GkXQo0YQ,Shakespeare's Globe - As You Like It,Shakespeare's Globe,2026-09-27T13:00,ticketmaster,,2026-03-31,2026-09-23,,
ticketmaster:1AdfZ_6GkXQrVsk,Shakespeare's Globe - As You Like It,Shakespeare's Globe,2026-09-27T18:30,ticketmaster,,2026-03-31,2026-09-23,,
ticketmaster:1AdfZ_8Gkw0XxqE,Saracens Women V Sale Sharks - Next Gen Cup,StoneX Stadium,2026-09-27T14:00,ticketmaster,,2026-08-12,2026-09-23,,
ticketmaster:1AgZkf3GkdeNgAb,Tottenham Hotspur Women v Aston Villa Women,Brisbane Road,2026-09-27T14:00,ticketmaster,,2026-08-18,2026-09-23,,
ticketmaster:1AgZkf3Gkegq73X,SLB Championship - London Lions v Liverpool Basketball,Copper Box Arena,2026-09-27T16:00,ticketmaster,,2026-08-21,2026-09-23,,
ticketmaster:G5dzZbzXDJfdl,Poets of the Fall,O2 Empire,2026-09-27T19:00,ticketmaster,,2025-12-20,2026-09-23,,
ticketmaster:G5vHZ_8GVs16e,The Tower of London - Standard All Day Entry,Tower Bridge Exhibition,2026-09-27T10:00,ticketmaster,,2026-08-03,2026-09-23,,sold out or off sale
ticketmaster:G5vHZ_8pyAgAc,CHELSEA WOMEN V ARSENAL WOMEN,Stamford Bridge,2026-09-27T16:30,ticketmaster,,2026-08-05,2026-09-23,,
ticketmaster:LvZ18QE3NmAPLFQkiMzZz,60 Years of Salsa,The Jazz Cafe,2026-09-27T18:00,ticketmaster,,2026-08-06,2026-09-23,,
ticketmaster:LvZ18QJINpO2Agy5gq-KV,The Sunday Service In-House Special,Up the Creek,2026-09-27T18:30,ticketmaster,,2026-07-29,2026-09-23,,
ticketmaster:LvZ18QLCAKPASM8Z0fzUT,The Comedy Store Players - 27th September,Comedy Store,2026-09-27T19:30,ticketmaster,,2026-04-30,2026-09-23,,
ticketmaster:LvZ18QPWM1tPZhKgNRKE5,f5ve,The Traitors Live Experience,2026-09-27T19:00,ticketmaster,,2026-07-31,2026-09-23,,
ticketmaster:LvZ18Qj81YP88XOvGkggu,The Scottish Sex Pistols + Lizzie & The Banshees,100 Club,2026-09-27T19:00,ticketmaster,,2026-03-25,2026-09-23,,
ticketmaster:LvZ18QlCr8-px20H75Q7d,Post-Euphoria,New Cross Inn,2026-09-27T17:00,ticketmaster,,2026-09-23,2026-09-24,,
ticketmaster:LvZ18QnMkonHRqQubqnN4,Mama's Rum Brunch - Nassen,O2 Academy Islington,2026-09-27T12:00,ticketmaster,,2026-09-18,2026-09-23,,
ticketmaster:LvZ18Qr_GNU1FoYZ07XKX,Kate Clover,New Cross Inn,2026-09-27T18:00,ticketmaster,,2026-04-20,2026-09-23,,
ticketmaster:LvZ18Qt-7Uq1HoEfnxskn,Sunday Soul Sessions,Landing Canary Wharf,2026-09-27T12:30,ticketmaster,,2026-09-02,2026-09-23,,
ticketmaster:LvZ18QtO_2u1IJ4ZO2tU2,The Brit Funk Association,O2 Academy Islington,2026-09-27T18:30,ticketmaster,,2026-09-02,2026-09-23,,
ticketmaster:LvZ18QtoBjMtPIlW1UjhO,Vortex Jam Session - September & October,Vortex Jazz Club,2026-09-27T19:45,ticketmaster,,2026-08-30,2026-09-23,,
tribe:dalstonsuperstore.com:37725,Drag Brunch with Lori Mae,Dalston Superstore,2026-09-27T12:00,tribe,,,2026-09-23,,
tribe:dalstonsuperstore.com:37727,KHOLE SUNDAYS! KARAOKE PARTY,Dalston Superstore,2026-09-27T20:00,tribe,,,2026-09-23,,
jsonld:www.firepit.art:2026-09-28T18:00:kundalini-activation-energy-healing-precision-healing-for-yo,Kundalini Activation & Energy Healing: precision healing for your soul,Firepit Art Gallery,2026-09-28T18:00,jsonld,,2026-09-28,2026-09-23,,available
jsonld:www.museumofcomedy.com:2026-09-28T19:00:the-monday-club,The Monday Club,Museum of Comedy,2026-09-28T19:00,jsonld,,,2026-09-23,,available
spektrix:arcolatheatre:391989ASTBRVVMPQBCPNCGLKJGPRCQCSR,The Turn of the Screw,Arcola Theatre,2026-09-28T19:30,spektrix,158,2026-02-17,2026-09-23,,22
spektrix:arcolatheatre:401180AQCBTMKGSSKQTBPMLGVCPMTTDTH,Fire Fire,Arcola Theatre,2026-09-28T19:00,spektrix,101,2026-06-18,2026-09-23,,83
spektrix:barbicancentre:3575801ADLJPNBHVKGKTSHSVGQCMVBRGQ,SCS: Rose of Nevada (15),Barbican Arts Centre,2026-09-28T11:00,spektrix,156,2026-06-11,2026-09-23,,96
spektrix:barbicancentre:3736002AVNSRBLTDLDGGTJKTRCTBTMMSH,Parent & Baby Screening: Queen at Sea (15),Barbican Arts Centre,2026-09-28T11:15,spektrix,156,2026-09-14,2026-09-23,,90
spektrix:barbicancentre:3744803AHKHHRCBCSVKBBVSSJQLKMTMTL,Bitter Christmas (15) (AD),Barbican Arts Centre,2026-09-28T20:45,spektrix,156,2026-07-18,2026-09-28,,124
spektrix:bushtheatre:307743AGJKDGBJHNJDLKGBQPTHLSGCBJG,Darkling,Bush Theatre,2026-09-28T19:30,spektrix,,2026-06-12,2026-09-23,,
spektrix:cadoganhall:1305834AJMPKKVMDPKSLPRPQCDVBCTBBB,Ballet Nights 012,Cadogan Hall,2026-09-28T19:30,spektrix,,2026-04-15,2026-09-23,,
spektrix:cadoganhall:1306434ABKCTLCDRDHBGCSTSTBGJBJMDS,Ballet Nights: Programme,Cadogan Hall,2026-09-28T19:30,spektrix,953,2025-04-23,2026-09-23,,932
spektrix:donmarwarehouse:121818ADPHBLNGMLDLMPPNJKGTLRCKSND,A MONTH IN THE COUNTRY,Donmar Warehouse,2026-09-28T19:30,spektrix,,2026-02-06,2026-09-23,,
spektrix:ica:1877202ATGMRCVRTNJCNKRJRSKSBVJHLJ,Exhibition Preview: Autumn Knight: I Can't Complain,Institute of Contemporary Arts,2026-09-28T19:30,spektrix,500,2026-07-22,2026-09-23,,328
spektrix:ica:1916001ACNNGLTNJLKNQDKQSDDRJBDTLG,(Members) Exhibition Preview: Autumn Knight: I Can't Complain,Institute of Contemporary Arts,2026-09-28T19:30,spektrix,500,2026-08-27,2026-09-23,2026-09-23,0
spektrix:royalcourt:346569AVCDVLCCQHQDVJCVDPPRRGKDKVC,Man to Man,Royal Court Theatre,2026-09-28T19:30,spektrix,,2026-09-28,2026-09-23,,
spektrix:sohotheatre:1442210APSLPVSSHGTQVDQMQRMGBKSVSS,Catherine Bohart: Borrowing Trouble,Soho Theatre,2026-09-28T19:15,spektrix,170,2025-11-14,2026-09-23,,38
spektrix:sohotheatre:1614806AGGGKBGJGVDTNDMLGQTBPQJCMK,"Pierre Novellie: Okay, One More Then Bedtime",Soho Theatre,2026-09-28T21:15,spektrix,170,2026-07-24,2026-09-23,,23
spektrix:southwarkplayhouse:126412ABVKGNRCMNMCGNLNBHQHLPGSDCV,Jane Eyre,Southwark Playhouse Borough,2026-09-28T19:00,spektrix,294,2026-03-10,2026-09-23,,176
spektrix:southwarkplayhouse:136404AHHKRVSCLLBDGMGBKKKVKMPRCCT,Night City,Southwark Playhouse Borough,2026-09-28T19:30,spektrix,132,2026-04-14,2026-09-23,,103
spektrix:thealbany:766780AJTGDMGCBNDKGVCGPGPHLMNKHJJ,DL Regular 2026-27: Just Write It!,The Albany,2026-09-28T18:30,spektrix,25,2026-04-14,2026-09-23,,18
spektrix:tricycle:836651ARHLNPKTHKSCBDVCVKGTVLRBGNT,TABLE 17,Kiln Theatre,2026-09-28T19:30,spektrix,,2026-06-03,2026-09-23,,
spektrix:tricycle:846849ABPDTVSKQJVLGHVKHPCDKRVJDTP,Audio Description Add-ons,Kiln Theatre,2026-09-28T19:30,spektrix,37,2022-11-01,2026-09-24,,8
spektrix:wiltons:327548ATHGKSMPLVCPTCCJKBPJTHPLSDK,Tim Key: Loganberry Sep26,Wilton's Music Hall,2026-09-28T19:45,spektrix,,2026-03-02,2026-09-23,,
ticketmaster:11FYvPv_bFeKv5,Jamie Cullum,Blue Note London,2026-09-28T21:30,ticketmaster,,2026-08-14,2026-09-23,,
ticketmaster:15eGZ_8ppvO0z,Jamie Cullum,Blue Note London,2026-09-28T19:00,ticketmaster,,2026-08-14,2026-09-23,,
ticketmaster:17u8v0G65I0aHLr,The Book Of Mormon,Prince of Wales Theatre,2026-09-28T19:30,ticketmaster,,2026-05-26,2026-09-23,,
ticketmaster:17uYv0G61mVDoYf,Van Morrison In Concert,British Airways Theatre,2026-09-28T18:30,ticketmaster,,2026-05-15,2026-09-23,,
ticketmaster:17uYv0G62o7AgXR,David Bowie: You're Not Alone,Lightroom,2026-09-28T12:30,ticketmaster,,2026-07-20,2026-09-23,,sold out or off sale
ticketmaster:17uYv0G6CqH3sZ-,bleood,The Traitors Live Experience,2026-09-28T19:00,ticketmaster,,2026-07-17,2026-09-23,,
ticketmaster:1AdjZ_3GkRQnbg_,Sting's the Last Ship,"Theatre Royal, Drury Lane",2026-09-28T19:30,ticketmaster,,2026-09-11,2026-09-23,,
ticketmaster:1AgZk3eGkdKNpW8,Shakespeare's Globe - Much Ado About Nothing,Shakespeare's Globe,2026-09-28T19:30,ticketmaster,,2026-04-02,2026-09-23,,
ticketmaster:1AgZkf7GkeSu3x0,Haley Smalls,The Lower Third,2026-09-28T19:00,ticketmaster,,2026-08-07,2026-09-23,,
ticketmaster:G5dzZ_AGv_FNH,Jill Scott,O2 Academy Brixton,2026-09-28T19:00,ticketmaster,,,2026-09-23,,
ticketmaster:G5vHZ_3O5Cb38,Affluenza,Riverside Studios,2026-09-28T19:30,ticketmaster,,2026-09-09,2026-09-23,,
ticketmaster:G5vHZ_8GVTQ69,The Tower of London - Standard All Day Entry,Tower Bridge Exhibition,2026-09-28T10:00,ticketmaster,,2026-08-03,2026-09-23,,sold out or off sale
ticketmaster:G5vHZ_GRi4C8H,Roger Taylor: Violence Insane In a Beautiful World,Roundhouse,2026-09-28T19:00,ticketmaster,,2026-06-17,2026-09-23,,
ticketmaster:LvZ18QLuWo4LThZZ0JIWq,King Gong (World Famous Open-Mic Night!) - 28th September,Comedy Store,2026-09-28T20:00,ticketmaster,,2026-04-30,2026-09-23,,
ticketmaster:LvZ18QtQgmP1yap5iGUvp,Bandage,New Cross Inn,2026-09-28T18:00,ticketmaster,,2026-09-01,2026-09-23,,
ticketmaster:LvZ18Qx-oSaoQm8vO5cpn,Josh Meader Trio,The Jazz Cafe,2026-09-28T19:00,ticketmaster,,2026-06-12,2026-09-23,,
ticketmaster:ZKr9uZKbZL4ZeoOpjZeka,Disney's Hercules,"Theatre Royal, Drury Lane",2026-09-28T19:30,ticketmaster,,2025-01-01,2026-09-23,,sold out or off sale
ticketmaster:Zor9uZKbZL4ZefAN5Z1,The Standard of Living,Theatre Royal Haymarket,2026-09-28T19:00,ticketmaster,,2025-01-01,2026-09-23,,sold out or off sale
ticketmaster:Zor9uZKbZL4ZefF3fZd,Franz & Marie,Charing Cross Theatre,2026-09-28T19:30,ticketmaster,,2025-01-01,2026-09-23,,
ticketmaster:Zor9uZKbZL4ZefkovZF,Hay Fever,Wyndham's,2026-09-28T19:30,ticketmaster,,2025-01-01,2026-09-23,,sold out or off sale
tribe:dalstonsuperstore.com:37729,Hub 16 Open Decks,Dalston Superstore,2026-09-28T19:00,tribe,,,2026-09-23,,
spektrix:arcolatheatre:391990APJVQGVJCCGJPHKSLMRVRLSSHPQ,The Turn of the Screw,Arcola Theatre,2026-09-29T19:30,spektrix,158,2026-02-17,2026-09-23,,2
spektrix:arcolatheatre:400981AVGQKGLTJQTMGQCKKRMLKMSRJHS,Fire Fire,Arcola Theatre,2026-09-29T19:00,spektrix,101,2026-06-18,2026-09-23,,61
spektrix:barbicancentre:3638601APJVTPGRVMNTQDHBHQLVMMSPHH,Kino: The Beauty of the Donkey (12A*),Barbican Arts Centre,2026-09-29T18:15,spektrix,156,2026-07-23,2026-09-23,2026-09-23,0
spektrix:bushtheatre:307744AGSJJQBSKDQDJTCBCMBJDSRPPJR,Darkling,Bush Theatre,2026-09-29T19:30,spektrix,,2026-06-12,2026-09-23,,
spektrix:cadoganhall:1276834ASSDDSBSCPSQGQSPSGDLSMCBRH,TOAST - The Sound of Bread,Cadogan Hall,2026-09-29T19:30,spektrix,,2026-02-13,2026-09-23,,
spektrix:donmarwarehouse:123421ALPCSDHLBPCCNCGRVHHCSTNHKNB,A MONTH IN THE COUNTRY,Donmar Warehouse,2026-09-29T18:30,spektrix,,2026-02-06,2026-09-23,,
spektrix:ica:1770401ARHSNCQQSSVTCCVHRRPQNSRSDN,Hilary Woods,Institute of Contemporary Arts,2026-09-29T19:30,spektrix,405,2026-04-21,2026-09-23,,405
spektrix:ica:1877001ASSCJKSMNMCCGGTTSRJBVRDGVC,Bodies Adrift: Villaverdes’ Shorts,Institute of Contemporary Arts,2026-09-29T20:30,spektrix,186,2026-07-22,2026-09-23,,169
spektrix:ica:1946601AHHVMJMPTRNDLDRDSJKPPRQNGD,Queen at Sea,Institute of Contemporary Arts,2026-09-29T13:15,spektrix,186,2026-09-03,2026-09-26,,184
spektrix:ica:1947402AQBDRJMQLHGCVSVKSSTLLBPMLV,In-I In Motion,Institute of Contemporary Arts,2026-09-29T12:10,spektrix,45,2026-07-22,2026-09-24,,39
spektrix:royalcollegeofmusic:655809AMHCDPVMKKRMDDLSLMGBVPTKKQK,Chamber Tuesdays,Royal College of Music Museum,2026-09-29T13:05,spektrix,50,2026-08-05,2026-09-23,2026-09-29,0
spektrix:royalcourt:345174ALNJNJMSSJKHKVMHTGDMBTPBNHM,Man to Man,Royal Court Theatre,2026-09-29T19:30,spektrix,,2025-11-04,2026-09-23,,
spektrix:sohotheatre:1442211AMDRVMKKVMPNJPLSSBVGMSVPGM,Catherine Bohart: Borrowing Trouble,Soho Theatre,2026-09-29T19:15,spektrix,170,2025-11-14,2026-09-23,,28
spektrix:sohotheatre:1552603AGQTHTNRPMCNSPNHHHMMJJPJQQ,Joseph Morpurgo: Highlander 70,Soho Theatre,2026-09-29T19:00,spektrix,,2026-04-30,2026-09-23,,
spektrix:sohotheatre:1600003ADTQLTHSJCBGJGBNKNDPPGVRGM,HAM,Soho Theatre,2026-09-29T18:45,spektrix,92,2026-06-23,2026-09-23,2026-09-23,0
spektrix:sohotheatre:1614807AVGVJQSLRTRSPNHVTKVDQTDDRC,"Pierre Novellie: Okay, One More Then Bedtime",Soho Theatre,2026-09-29T21:15,spektrix,170,2026-07-24,2026-09-23,,28
spektrix:sohotheatre:1619403AQJGGVRTTLJNRRJCHKRBLLDQTQ,David Elms Describes a Room,Soho Theatre,2026-09-29T21:00,spektrix,,2026-08-11,2026-09-23,,
spektrix:southwarkplayhouse:126413ALCDSHJTJQCMMRDTHJSHDHDGNPN,Jane Eyre,Southwark Playhouse Borough,2026-09-29T19:00,spektrix,294,2026-03-10,2026-09-23,,119
spektrix:southwarkplayhouse:136804ATRHPCKKGSKCDRBJKSKPMSQPCKV,Night City,Southwark Playhouse Borough,2026-09-29T19:30,spektrix,132,2026-04-14,2026-09-23,,53
spektrix:southwarkplayhouse:138803AKCHDLHLMLDMJNNBQMJSVLTJLBQ,Night City,Southwark Playhouse Borough,2026-09-29T15:00,spektrix,132,2026-04-14,2026-09-23,,97
spektrix:southwarkplayhouse:148006ARPHNDKRGNJGTHQRDTBGBHLMMDV,Twenty Thousand Streets Under the Sky,Southwark Playhouse Borough,2026-09-29T19:00,spektrix,226,2026-06-25,2026-09-23,,147
spektrix:southwarkplayhouse:148205ATDKDQRRHGTDQTJRVQTRKJSQLTQ,Twenty Thousand Streets Under the Sky,Southwark Playhouse Borough,2026-09-29T14:30,spektrix,226,2026-06-25,2026-09-23,,150
spektrix:southwarkplayhouse:157407ADVVLQCVLNKCSNVRGBMMHLGCQGV,Twenty Thousand Streets Under the Sky Playtext,Southwark Playhouse Borough,2026-09-29T14:30,spektrix,50,2026-09-07,2026-09-23,,50
spektrix:southwarkplayhouse:158613ABDMNLMLCRRDRQPRSDGRNDRKGKV,Twenty Thousand Streets Under the Sky Bundle,Southwark Playhouse Borough,2026-09-29T19:00,spektrix,50,2026-09-07,2026-09-23,,50
spektrix:southwarkplayhouse:159006AKBVPTMHMVLLQSBNCHJGHCHTSJP,Twenty Thousand Streets Under the Sky Bundle,Southwark Playhouse Borough,2026-09-29T14:30,spektrix,50,2026-09-07,2026-09-23,,49
spektrix:southwarkplayhouse:159213AHJCRLQVKLTHMQJNSKDLGBMTRBJ,Twenty Thousand Streets Under the Sky Playtext,Southwark Playhouse Borough,2026-09-29T19:00,spektrix,50,2026-09-07,2026-09-23,,49
spektrix:southwarkplayhouse:160213ABJQKHVTGNQHSDBVVRGGKGJCMMK,Twenty Thousand Streets Under the Sky Programme,Southwark Playhouse Borough,2026-09-29T19:00,spektrix,50,2026-09-07,2026-09-23,,48
spektrix:southwarkplayhouse:160406AVVRRGCRGMNQLKBSDBPGLPJVPLB,Twenty Thousand Streets Under the Sky Programme,Southwark Playhouse Borough,2026-09-29T14:30,spektrix,50,2026-09-07,2026-09-23,,48
spektrix:stratfordeast:180614AQVVBJGKHPJRNKPJRGCHTRGRBLB,Bloodsport,Stratford East,2026-09-29T19:30,spektrix,,2026-03-07,2026-09-23,,
spektrix:tricycle:838050ABVPKLVHBLQMCQRRSMNHGJHRMRL,TABLE 17,Kiln Theatre,2026-09-29T19:30,spektrix,,2026-06-03,2026-09-23,,
spektrix:tricycle:845650ARMLHVMLTVCJDVRJSJMGLCGGMCQ,Audio Description Add-ons,Kiln Theatre,2026-09-29T19:30,spektrix,37,2022-11-01,2026-09-24,,8
spektrix:unicorntheatre:349487ALCHMBCKJMPDCDGGDCPTLMGMNCS,Pocket Money,Unicorn Theatre,2026-09-29T10:30,spektrix,,2026-02-09,2026-09-23,,
spektrix:wiltons:327549ASQMRSPKMBTTHJHGHGNMGCLMRMG,Tim Key: Loganberry Sep26,Wilton's Music Hall,2026-09-29T19:45,spektrix,,2026-03-02,2026-09-23,,
ticketmaster:15eGZ_8pp78P7,Jamie Cullum,Blue Note London,2026-09-29T21:30,ticketmaster,,2026-08-14,2026-09-23,,
ticketmaster:16NZkfAPOZAuv178,Jamie Cullum,Blue Note London,2026-09-29T19:00,ticketmaster,,2026-08-14,2026-09-23,,
ticketmaster:17u8v0G65I0pGLS,The Book Of Mormon,Prince of Wales Theatre,2026-09-29T19:30,ticketmaster,,2026-05-26,2026-09-23,,
ticketmaster:17u8v0G6uMH8n54,Belle Livingstone's 58th Street Country Club,Belle Livingstone's 58th Street Country Club,2026-09-29T19:00,ticketmaster,,2026-06-29,2026-09-23,,
ticketmaster:17uYv0G61OXs2KO,Van Morrison In Concert,British Airways Theatre,2026-09-29T18:30,ticketmaster,,2026-05-15,2026-09-23,,
ticketmaster:17uYv0G65Rx5K_O,Stranger Things: The First Shadow,Phoenix Arts Club,2026-09-29T19:00,ticketmaster,,2026-05-27,2026-09-27,,
ticketmaster:1AMZk3oGkdhH6fl,Jake and Amir Live Presents That's Funny,Leicester Square Theatre,2026-09-29T19:00,ticketmaster,,2026-04-24,2026-09-23,,
ticketmaster:1AMZkfkGkd06wOw,Million Dollar Quartet,The Arts at Marble Arch,2026-09-29T19:30,ticketmaster,,2026-08-07,2026-09-23,,
ticketmaster:1AMZko0Gkd8D6jc,The Hunger Games On Stage,Canary Wharf Theatre,2026-09-29T19:30,ticketmaster,,2026-03-09,2026-09-23,,
ticketmaster:1AdfZ_3GkTe9N12,My Sons a Queer (But What Can You Do?),Apollo Theatre,2026-09-29T14:30,ticketmaster,,2026-09-15,2026-09-23,,
ticketmaster:1AdfZ_3GkTeJK1O,My Sons a Queer (But What Can You Do?),Apollo Theatre,2026-09-29T19:30,ticketmaster,,2026-09-15,2026-09-23,,
ticketmaster:1AdfZ_6GkXQifsU,Shakespeare's Globe - As You Like It,Shakespeare's Globe,2026-09-29T19:30,ticketmaster,,2026-03-31,2026-09-23,,
ticketmaster:1AdfZ_8GkwjboTy,Josh Levi,Oslo,2026-09-29T19:00,ticketmaster,,2026-08-14,2026-09-23,,
ticketmaster:1AdjZ_3GkRQzIMe,Sting's the Last Ship,"Theatre Royal, Drury Lane",2026-09-29T14:30,ticketmaster,,2026-09-11,2026-09-23,,
ticketmaster:1AdjZ_3GkRhkIzW,Sting's the Last Ship,"Theatre Royal, Drury Lane",2026-09-29T19:30,ticketmaster,,2026-09-11,2026-09-23,,
ticketmaster:1AdjZbVGkXQj7j7,David Essex,London Palladium,2026-09-29T18:45,ticketmaster,,2025-10-24,2026-09-23,,
ticketmaster:1AgZk3eGkdKYpW-,Shakespeare's Globe - Much Ado About Nothing,Shakespeare's Globe,2026-09-29T14:00,ticketmaster,,2026-04-02,2026-09-23,,
ticketmaster:G5dzZ_kEbZJ5-,James Blake - Trying Times Tour,O2 Academy Brixton,2026-09-29T19:00,ticketmaster,,2026-03-20,2026-09-23,,
ticketmaster:G5vHZ_3O5jbK5,Affluenza,Riverside Studios,2026-09-29T19:30,ticketmaster,,2026-09-09,2026-09-23,,
ticketmaster:G5vHZ_8GguQF5,The Tower of London - Standard All Day Entry,Tower Bridge Exhibition,2026-09-29T10:00,ticketmaster,,2026-08-03,2026-09-23,,sold out or off sale
ticketmaster:G5vHZ_kKIqJ7Q,First Aid Kit,Royal Albert Hall,2026-09-29T18:30,ticketmaster,,2026-03-13,2026-09-23,,
ticketmaster:LvZ18Q3hQxXpDVZZvPECw,Comedy in Your Eye - Stand up Comedy in Camden Town,Comedy In Your Eye,2026-09-29T19:00,ticketmaster,,2023-12-06,2026-09-23,,
ticketmaster:LvZ18QE6wsOZl6I7OLTDV,Mumble,New Cross Inn,2026-09-29T17:00,ticketmaster,,2026-08-04,2026-09-23,,
ticketmaster:LvZ18QEeDN7qX--x8YtQp,The Definitive Rat Pack,Landing Canary Wharf,2026-09-29T20:30,ticketmaster,,2026-08-03,2026-09-23,,
ticketmaster:LvZ18QEukS_CKDbuhq3u2,Laibach,Islington Assembly Hall,2026-09-29T19:00,ticketmaster,,2026-08-05,2026-09-23,,
ticketmaster:LvZ18QIFT435LPxMjW884,John Edwards / Ziv Taubenfeld / Mark Sanders (Downstairs),Vortex Jazz Club,2026-09-29T18:45,ticketmaster,,2026-08-16,2026-09-23,,
ticketmaster:LvZ18QIr9vNLL4SVIjG6X,Xhosa Cole presents FreeMonk (Two Night Residency),Vortex Jazz Club,2026-09-29T19:45,ticketmaster,,2026-08-21,2026-09-23,,
ticketmaster:LvZ18QPNUBx-83VP5sdhO,HONEYMOAN,MOTH Club,2026-09-29T19:30,ticketmaster,,2026-07-20,2026-09-23,,
ticketmaster:LvZ18QPrch2wP2MLeeGdS,Ace Clvrk,The Lower Third,2026-09-29T19:00,ticketmaster,,2026-07-24,2026-09-23,,
ticketmaster:LvZ18QQDIaaPCv8ZiWH8r,Feng,Electric Brixton,2026-09-29T19:00,ticketmaster,,2026-03-13,2026-09-23,,
ticketmaster:LvZ18QbEWdMMY3ZZwcQri,The Van Morrison Alumni Band,Emerald Theatre,2026-09-29T19:30,ticketmaster,,2026-02-09,2026-09-23,,
ticketmaster:Z3r9uZKbZL4ZefAN5Zd_,The Standard of Living,Theatre Royal Haymarket,2026-09-29T19:00,ticketmaster,,2025-01-01,2026-09-23,,sold out or off sale
ticketmaster:ZKr9uZKbZL4ZeoOpjZek1,Disney's Hercules,"Theatre Royal, Drury Lane",2026-09-29T19:30,ticketmaster,,2025-01-01,2026-09-23,,sold out or off sale
ticketmaster:Zor9uZKbZL4ZefF3fZ7,Franz & Marie,Charing Cross Theatre,2026-09-29T19:30,ticketmaster,,2025-01-01,2026-09-23,,
ticketmaster:Zor9uZKbZL4ZefkovZa,Hay Fever,Wyndham's,2026-09-29T19:30,ticketmaster,,2025-01-01,2026-09-23,,sold out or off sale
tribe:dalstonsuperstore.com:37731,HOT N BOTHERED: DYKE SPEED DATING,Dalston Superstore,2026-09-29T18:30,tribe,,,2026-09-23,,
tribe:thepeoplespeak.org.uk:8197,PubLab – Living Well Together Talkaoke,The People Speak,2026-09-29T13:00,tribe,,,2026-09-23,,
dice:8e9xxv,Tiiva (album launch) + A'Bear + Dayla,Spanners,2026-09-30T19:00,dice,,,2026-09-23,,
dice:nv59lq,PATTERNS Weekly Live Jazz,Night Tales Loft,2026-09-30T18:00,dice,,,2026-09-23,,
dice:yod6ox,"SFTC#3: gegenpress, Christian Music, 1000 Legs",The Lexington,2026-09-30T19:30,dice,,,2026-09-23,,
jsonld:chatspalace.com:2026-09-30T19:00:art-chat-the-bayeux-tapestry,Art Chat – The Bayeux Tapestry,Chats Palace,2026-09-30T19:00,jsonld,,,2026-09-23,,
jsonld:www.firepit.art:2026-09-30T17:30:firepit-tales-spoken-word-open-mic,Firepit Tales — Spoken Word Open Mic,Firepit Art Gallery,2026-09-30T17:30,jsonld,,2026-09-30,2026-09-23,,available
jsonld:www.museumofcomedy.com:2026-09-30T19:00:the-instant-musical,The Instant Musical,Museum of Comedy,2026-09-30T19:00,jsonld,,,2026-09-23,,available
jsonld:www.museumofcomedy.com:2026-09-30T20:30:dead-single,Dead Single,Museum of Comedy,2026-09-30T20:30,jsonld,,,2026-09-23,,available
spektrix:alexandrapalace:944414ABJQNVDSQLLLCBCHRBPKVMQSLDG,Ally Pally x Shinny – Pay and Play Scrim,Alexandra Palace,2026-09-30T22:45,spektrix,40,2026-03-19,2026-09-23,,26
spektrix:arcolatheatre:391991ATTGQVVBTVRRLTSRJTNGMQSBLVN,The Turn of the Screw,Arcola Theatre,2026-09-30T19:30,spektrix,158,2026-02-17,2026-09-23,,23
spektrix:arcolatheatre:400581ABLJSQTBPGBGCTHJCGPHLSHNBSR,Fire Fire,Arcola Theatre,2026-09-30T19:00,spektrix,101,2026-06-18,2026-09-23,,48
spektrix:barbicancentre:3424001ATPQKPVMTPVVDQQBMBRCKJRMBD,Rakhi Singh,Barbican Arts Centre,2026-09-30T19:30,spektrix,,2026-04-24,2026-09-23,,
spektrix:barbicancentre:3639001AQRLLTVJSDDKGJMVMQQKHQGBLN,Kino: Short Stories from the Balkans (18*),Barbican Arts Centre,2026-09-30T18:20,spektrix,156,2026-07-23,2026-09-23,2026-09-23,0
spektrix:barbicancentre:3651801ATSNVQMCMMPMHKNVRQSCVHHCHV,Aigul Akhmetshina & Jonathan Palmer Lakeland,Barbican Arts Centre,2026-09-30T19:30,spektrix,,2026-08-04,2026-09-23,,
spektrix:barbicancentre:3745402ARQQKTVSLQHHJSLKGQLRSPNNPR,Remake (15),Barbican Arts Centre,2026-09-30T20:15,spektrix,156,2026-09-21,2026-09-30,,124
spektrix:barbicancentre:3745602ACJSDBVGHPNDTDRQBGKQHKDRPT,Everybody Digs Bill Evans (15) (AD),Barbican Arts Centre,2026-09-30T18:15,spektrix,156,2026-09-07,2026-09-30,,85
spektrix:bushtheatre:307745ADCJMCHSQKSCQJPGHMHSLTPHMLM,Darkling,Bush Theatre,2026-09-30T19:30,spektrix,,2026-06-12,2026-09-23,,
spektrix:bushtheatre:307936AMVHDHCVKNNNJVBPRRHBBDTRCGD,Darkling,Bush Theatre,2026-09-30T14:30,spektrix,,2026-06-12,2026-09-23,,
spektrix:cadoganhall:1111435AKMDVPGVHHKDDBBGLNCHKLTCMB,Scala & Kolacny Brothers - Scala 30,Cadogan Hall,2026-09-30T19:00,spektrix,,,2026-09-23,,
spektrix:donmarwarehouse:123013ASHQLNVSTLPLHRMKMTLJPLRMSJB,A MONTH IN THE COUNTRY,Donmar Warehouse,2026-09-30T19:30,spektrix,,2026-02-06,2026-09-23,,
spektrix:ica:1825001AHGCCKTBHSVPQQGMJDPDTQHBCC,Klein,Institute of Contemporary Arts,2026-09-30T19:30,spektrix,405,2026-06-11,2026-09-23,,405
spektrix:ica:1896601ABGPLGCCBPLLRDVDLGMKVNCGNL,Book Launch: 'The Whole Routine' by Edward Thomasson,Institute of Contemporary Arts,2026-09-30T18:00,spektrix,80,2026-08-11,2026-09-23,,34
spektrix:ica:1900201ALNQMJTBDLDNVVDBRRLBTBDVDP,HKFF: I Heard That They Are Not Going To See Each Other Anymore + Q&A,Institute of Contemporary Arts,2026-09-30T18:30,spektrix,186,2026-08-14,2026-09-23,,60
spektrix:ica:1946801ADHPKSCQBLRRQGCVQTGHTNRRTT,Queen at Sea,Institute of Contemporary Arts,2026-09-30T14:00,spektrix,45,2026-09-03,2026-09-26,,45
spektrix:ica:1947601ALTVPTQGVGVVGBVMNKDQMKCBNB,Late Fame,Institute of Contemporary Arts,2026-09-30T12:05,spektrix,45,2026-08-12,2026-09-26,,45
spektrix:ica:1948401ABBQRCMKDMNBKRTGLKVVSCRDML,Everybody Digs Bill Evans,Institute of Contemporary Arts,2026-09-30T13:50,spektrix,186,2026-08-10,2026-09-25,,184
spektrix:littleangeltheatre:542298ADPHDNNGVVQJHPLPMJQVCMPRDPM,Pip and Posy Live on Stage,Little Angel Theatre,2026-09-30T16:45,spektrix,100,2026-06-23,2026-09-23,,48
spektrix:littleangeltheatre:543301AQNSBMLLVDBLLCNGJRSKBPDVVLK,Pip and Posy Live on Stage,Little Angel Theatre,2026-09-30T10:30,spektrix,126,2026-06-23,2026-09-23,,35
spektrix:littleangeltheatre:543302ABDLPSDVDBQSQNVQBNMGBRSDVVK,Pip and Posy Live on Stage,Little Angel Theatre,2026-09-30T13:00,spektrix,126,2026-06-23,2026-09-23,,88
spektrix:royalcollegeofmusic:657610AMMJMVVHCHDPSQVCDCHHPNCHKHL,RCM String Orchestra,Royal College of Music Museum,2026-09-30T18:00,spektrix,,2026-08-05,2026-09-23,,
spektrix:royalcollegeofmusic:658609ATCRCNCQPVTRDKDQTMCPKRCHKNT,RCM Insights: The Brass Band Story,Royal College of Music Museum,2026-09-30T17:15,spektrix,138,2026-08-05,2026-09-23,,64
spektrix:royalcourt:345175ANJBMMPSTKQPDRSJMBPHVDBCMNB,Man to Man,Royal Court Theatre,2026-09-30T19:30,spektrix,,2025-11-04,2026-09-23,,
spektrix:royalcourt:383967ACSMQBHGNHMGLMDKSKGSQPPRTJJ,How Not To Disappear,Royal Court Theatre,2026-09-30T10:30,spektrix,30,2026-08-21,2026-09-23,2026-09-23,0
spektrix:sohotheatre:1442212AJLDSMNBMMHDHNDVRPJDKTHSHD,Catherine Bohart: Borrowing Trouble,Soho Theatre,2026-09-30T19:15,spektrix,170,2025-11-14,2026-09-23,,36
spektrix:sohotheatre:1552604ANMJQVTRJTRLBMRHRBBQKQMNLN,Joseph Morpurgo: Highlander 70,Soho Theatre,2026-09-30T19:00,spektrix,,2026-04-30,2026-09-23,,
spektrix:sohotheatre:1600004AVBHJPCSBRCGMHPCDCLPJBSQLH,HAM,Soho Theatre,2026-09-30T18:45,spektrix,92,2026-06-23,2026-09-23,2026-09-23,0
spektrix:sohotheatre:1614808AQPCTHJQQSGDQTRDCTTCSVRJJB,"Pierre Novellie: Okay, One More Then Bedtime",Soho Theatre,2026-09-30T21:15,spektrix,170,2026-07-24,2026-09-23,2026-09-29,0
spektrix:sohotheatre:1619203ANQNCJKKNBPSTTCNLSRVLLRHJS,David Elms Describes a Room,Soho Theatre,2026-09-30T21:00,spektrix,,2026-08-11,2026-09-23,,
spektrix:southwarkplayhouse:126414ANVLNPBLPHGLJJLVSSKGQSMMHJH,Jane Eyre,Southwark Playhouse Borough,2026-09-30T19:00,spektrix,294,2026-03-10,2026-09-23,,154
spektrix:southwarkplayhouse:138403AVTMQNDHQCKSHHHCKTRPHSVKRLN,Night City,Southwark Playhouse Borough,2026-09-30T19:30,spektrix,132,2026-04-14,2026-09-23,,79
spektrix:southwarkplayhouse:148007ACPJVQVHTLDHJNPCHBBSLLCNVNL,Twenty Thousand Streets Under the Sky,Southwark Playhouse Borough,2026-09-30T19:00,spektrix,226,2026-06-25,2026-09-23,,163
spektrix:southwarkplayhouse:158614AGVHRJTCBJPJMDDGGQKMDPKMVKL,Twenty Thousand Streets Under the Sky Bundle,Southwark Playhouse Borough,2026-09-30T19:00,spektrix,50,2026-09-07,2026-09-23,,50
spektrix:southwarkplayhouse:159214ANTQCKMTVPJMTNRVSSLKJCPMDJC,Twenty Thousand Streets Under the Sky Playtext,Southwark Playhouse Borough,2026-09-30T19:00,spektrix,50,2026-09-07,2026-09-23,,49
spektrix:southwarkplayhouse:160214ANQPBVTVGTSSPVKBTPPGJNHDVPL,Twenty Thousand Streets Under the Sky Programme,Southwark Playhouse Borough,2026-09-30T19:00,spektrix,50,2026-09-07,2026-09-23,,49
spektrix:stratfordeast:180615ABNTNPHTPVGJPGJKLPRHQJQSKSJ,Bloodsport,Stratford East,2026-09-30T19:30,spektrix,,2026-03-07,2026-09-23,,
spektrix:stratfordeast:188005AGCRNKCCVKKHVLCMPNRSJLRSMGC,SES Sep - Dec2026,Stratford East,2026-09-30T19:00,spektrix,50,2026-08-26,2026-09-23,,39
spektrix:thealbany:774379ASLLVLJLHRBQBGTKTQMJMPJGQVR,H: Kool Story Bro - Expectation Entertainment Ltd,The Albany,2026-09-30T19:00,spektrix,200,2026-08-25,2026-09-23,,49
spektrix:theplace:869237AHNQKVJTHRBQCTNGJKHSLMPPBDB,Autumn/ Winter 26: Charlie Khalil Prince - the body symphonic,The Place,2026-09-30T19:30,spektrix,288,2026-05-18,2026-09-23,,133
spektrix:tricycle:838051AMJMGVSQBNHLLLGCVRGSMDHCQPL,TABLE 17,Kiln Theatre,2026-09-30T19:30,spektrix,,2026-06-03,2026-09-23,,
spektrix:tricycle:839650AKDHKMNPCRQDHTQBSTPBNQSHRRD,TABLE 17,Kiln Theatre,2026-09-30T14:30,spektrix,,2026-06-03,2026-09-23,,
spektrix:tricycle:846050AQNPKHJPMNHMQPCTSNRVGNVTVRM,Audio Description Add-ons,Kiln Theatre,2026-09-30T19:30,spektrix,37,2022-11-01,2026-09-24,,8
spektrix:tricycle:847049ATSDDQVSVKQTSJQKMBVMTVTHDTR,Audio Description Add-ons,Kiln Theatre,2026-09-30T14:30,spektrix,37,2022-11-01,2026-09-24,,8
spektrix:tricycle:890849ACKTRPRLGLHGQQQJDDNKLJJLRCT,Love Jones,Kiln Theatre,2026-09-30T20:00,spektrix,,2026-07-21,2026-09-23,,
spektrix:tricycle:903849APVRHMTMNJKQKJSSQHTCNGCTDJN,The Cycle of Love,Kiln Theatre,2026-09-30T13:05,spektrix,,2026-09-02,2026-09-27,,
spektrix:tricycle:904049AJLHHVBBJJVNVQRTBRSHRDHHRMK,The Cycle of Love,Kiln Theatre,2026-09-30T15:00,spektrix,,2026-09-02,2026-09-27,,
spektrix:unicorntheatre:349488ARMJHDPQCGJMBPHGKSPGBTRJLVV,Pocket Money,Unicorn Theatre,2026-09-30T10:30,spektrix,,2026-02-09,2026-09-23,,
spektrix:wiltons:327550AGTHGVGTJBSHNMQCBTBTLRCPSQB,Tim Key: Loganberry Sep26,Wilton's Music Hall,2026-09-30T19:45,spektrix,,2026-03-02,2026-09-23,,
ticketmaster:17FYv0G62UJb-1I,Nik West,Blue Note London,2026-09-30T21:30,ticketmaster,,2026-08-14,2026-09-23,,
ticketmaster:17FYv0G62UJbv1J,Nik West,Blue Note London,2026-09-30T19:00,ticketmaster,,2026-08-14,2026-09-23,,
ticketmaster:17GOv0G61BPjZgz,Mary in the Junkyard,Heaven,2026-09-30T19:00,ticketmaster,,2026-05-20,2026-09-23,,sold out or off sale
ticketmaster:17u8v0G65I0xGOQ,The Book Of Mormon,Prince of Wales Theatre,2026-09-30T19:30,ticketmaster,,2026-05-26,2026-09-23,,
ticketmaster:17u8v0G6uMHrBul,Belle Livingstone's 58th Street Country Club,Belle Livingstone's 58th Street Country Club,2026-09-30T19:00,ticketmaster,,2026-06-29,2026-09-23,,
ticketmaster:17uOv0G61k4oK6Y,Sonic Live In Concert,Eventim Apollo,2026-09-30T18:30,ticketmaster,,2026-05-29,2026-09-23,,
ticketmaster:17uYv0G65Rx9S_W,Stranger Things: The First Shadow,Phoenix Arts Club,2026-09-30T19:00,ticketmaster,,2026-05-27,2026-09-27,,
ticketmaster:1AMZkfkGkd0pe-C,Million Dollar Quartet,The Arts at Marble Arch,2026-09-30T19:30,ticketmaster,,2026-08-07,2026-09-23,,
ticketmaster:1AMZko0GkdoF6qc,The Hunger Games On Stage,Canary Wharf Theatre,2026-09-30T19:30,ticketmaster,,2026-03-09,2026-09-23,,
ticketmaster:1AdfZ_3GkTegd50,My Sons a Queer (But What Can You Do?),Apollo Theatre,2026-09-30T19:30,ticketmaster,,2026-09-15,2026-09-23,,
ticketmaster:1AdfZ_6GkXQyVwg,Shakespeare's Globe - As You Like It,Shakespeare's Globe,2026-09-30T14:00,ticketmaster,,2026-03-31,2026-09-23,,
ticketmaster:1AdfZ_FGklUprI0,Tenille Townes,EartH,2026-09-30T19:30,ticketmaster,,2026-04-17,2026-09-23,,
ticketmaster:1AdjZ_3GkRhfzyI,Sting's the Last Ship,"Theatre Royal, Drury Lane",2026-09-30T19:30,ticketmaster,,2026-09-11,2026-09-23,,
ticketmaster:1AdjZ_eGkMvhSpM,Not Another D&D Podcast,London Palladium,2026-09-30T19:30,ticketmaster,,2026-04-17,2026-09-23,,
ticketmaster:1AgZk3eGkdKWpXA,Shakespeare's Globe - Much Ado About Nothing,Shakespeare's Globe,2026-09-30T19:30,ticketmaster,,2026-04-02,2026-09-23,,
ticketmaster:1AwZkfoGke018Pz,Lauren MacDonald + Holly Fitz + Swimmer + Hearthy,The Troubadour,2026-09-30T20:00,ticketmaster,,2026-08-17,2026-09-23,,
ticketmaster:1kuYvNuOGAu-h9G,Phantom of the Opera,His Majesty's Theatre,2026-09-30T19:30,ticketmaster,,2025-09-22,2026-09-23,,
ticketmaster:1kuYvNuOGAufhpP,Phantom of the Opera,His Majesty's Theatre,2026-09-30T14:30,ticketmaster,,2025-09-22,2026-09-23,,
ticketmaster:G5dzZ_kwS1SNz,James Blake: Trying Times Tour,O2 Academy Brixton,2026-09-30T19:00,ticketmaster,,,2026-09-23,,
ticketmaster:G5dzZ_uFvr5zH,Joe Black & Squeeks,O2 Academy Islington,2026-09-30T19:00,ticketmaster,,2026-06-23,2026-09-23,,
ticketmaster:G5dzZbip4JYlB,Matt Maeson,O2 Empire,2026-09-30T19:00,ticketmaster,,2025-06-13,2026-09-23,,
ticketmaster:G5vHZ_2pON34T,Henry Grace,London Barfly,2026-09-30T19:00,ticketmaster,,2026-07-24,2026-09-23,,
ticketmaster:G5vHZ_3O5nFf8,Affluenza,Riverside Studios,2026-09-30T19:30,ticketmaster,,2026-09-09,2026-09-23,,
ticketmaster:G5vHZ_8GghQFJ,The Tower of London - Standard All Day Entry,Tower Bridge Exhibition,2026-09-30T10:00,ticketmaster,,2026-08-03,2026-09-23,,sold out or off sale
ticketmaster:G5vHZ_kpQTdk9,First Aid Kit,Royal Albert Hall,2026-09-30T18:30,ticketmaster,,2026-03-13,2026-09-23,,
ticketmaster:LvZ18Q0S1uytO8SabQbwV,The Big Freshers Pop Party!,Infernos,2026-09-30T22:00,ticketmaster,,2026-07-07,2026-09-23,,
ticketmaster:LvZ18QE9NYnqEhL8IsguR,Soul Surge Live,O2 Academy Islington,2026-09-30T18:30,ticketmaster,,2026-08-07,2026-09-23,,
ticketmaster:LvZ18QEDzqK7pa9Gq3ybe,eels! eels! eels!,New Cross Inn,2026-09-30T18:00,ticketmaster,,2026-08-14,2026-09-23,,
ticketmaster:LvZ18QIG53W97VyCDOGzl,Is This Ok,Blondies,2026-09-30T18:00,ticketmaster,,2026-08-17,2026-09-23,,
ticketmaster:LvZ18QIU-OWcv-UZaaYOi,"Live Jazz from the Piano Bar at Red Room Studios, Soho",She Soho,2026-09-30T20:30,ticketmaster,,2026-04-14,2026-09-24,,
ticketmaster:LvZ18QIU-OWcv-UZaaYOl,"Live Jazz from the Piano Bar at Red Room Studios, Soho",She Soho,2026-09-30T18:30,ticketmaster,,2026-04-14,2026-09-24,,
ticketmaster:LvZ18QIr9vmZ8j33nsmoR,Xhosa Cole presents FreeMonk (Two Night Residency),Vortex Jazz Club,2026-09-30T19:45,ticketmaster,,2026-08-21,2026-09-23,,
ticketmaster:LvZ18QOGMO_c__8v1Yoaw,Agnes Nunes,The Jazz Cafe,2026-09-30T19:00,ticketmaster,,2026-05-15,2026-09-23,,
ticketmaster:LvZ18QthMD927CdA7bfma,Motown Memoirs,Landing Canary Wharf,2026-09-30T20:30,ticketmaster,,2026-09-01,2026-09-23,,
ticketmaster:Z4qgVMyxjZBYPHcBlIZdd7a,Southampton Women,London Stadium,2026-09-30T19:00,ticketmaster,,2026-05-22,2026-09-23,,
ticketmaster:ZKr9uZKbZL4ZeoOpjZek5,Disney's Hercules,"Theatre Royal, Drury Lane",2026-09-30T19:30,ticketmaster,,2025-01-01,2026-09-23,,sold out or off sale
ticketmaster:Zor9uZKbZL4ZefAN5Z5,The Standard of Living,Theatre Royal Haymarket,2026-09-30T19:00,ticketmaster,,2025-01-01,2026-09-23,,sold out or off sale
ticketmaster:Zor9uZKbZL4ZefF3fZA,Franz & Marie,Charing Cross Theatre,2026-09-30T19:30,ticketmaster,,2025-01-01,2026-09-23,,
ticketmaster:Zor9uZKbZL4ZefkovZ1,Hay Fever,Wyndham's,2026-09-30T14:30,ticketmaster,,2025-01-01,2026-09-23,,sold out or off sale
ticketmaster:Zor9uZKbZL4ZefkovZ5,Hay Fever,Wyndham's,2026-09-30T19:30,ticketmaster,,2025-01-01,2026-09-23,,sold out or off sale
tribe:dalstonsuperstore.com:37684,TRANSMISSIONS PRESENTS: THE TEXAS CHAINSAW MASSACRE (2003),Dalston Superstore,2026-09-30T19:00,tribe,,,2026-09-23,,
tribe:dalstonsuperstore.com:37733,BodySwap,Dalston Superstore,2026-09-30T22:00,tribe,,,2026-09-23,,
tribe:www.towertheatre.org.uk:218889,A Mirror,Tower Theatre,2026-09-30T19:30,tribe,,,2026-09-23,,
dice:8e9y5r,An Evening With Jonny P Taylor at The Waiting Room,The Waiting Room,2026-10-01T19:30,dice,,,2026-09-23,,
jsonld:bowarts.org:2026-10-01T12:00:expressions-of-fluidity-story-tale-map-luc-a-scarselletta,Expressions of Fluidity: Story-tale Map – Lucía Scarselletta,Nunnery Gallery,2026-10-01,jsonld,,2026-08-19,2026-09-23,,available
jsonld:bowarts.org:2026-10-01T18:00:opening-night-expressions-of-fluidity-story-tale-map,Opening Night – Expressions of Fluidity: Story-tale Map,Nunnery Gallery,2026-10-01T18:00,jsonld,,2026-08-19,2026-09-23,,available
jsonld:chatspalace.com:2026-10-01T19:00:hackney-folk-club-pearl-fish,Hackney Folk Club: Pearl Fish,Chats Palace,2026-10-01T19:00,jsonld,,2026-10-01,2026-10-01,,available
jsonld:www.firepit.art:2026-10-01T17:00:earth-to-us-opening-night,Earth To Us — Opening Night,Firepit Art Gallery,2026-10-01T17:00,jsonld,,2026-10-01,2026-09-23,,available
jsonld:www.firepit.art:2026-10-01T17:00:features-from-the-black-opening-night,Features From The Black — Opening Night,Firepit Art Gallery,2026-10-01T17:00,jsonld,,2026-10-01,2026-09-23,,available
spektrix:alexandrapalace:969001AQCSLGRRLDSVHJDMGPKTQQRHMLQ,The Pre-War Popularity of Picture Page,Alexandra Palace,2026-10-01T18:00,spektrix,70,2026-08-12,2026-09-23,,49
spektrix:arcolatheatre:391992AGKQCQQKBKSNNTDBDGCVHBSNMLD,The Turn of the Screw,Arcola Theatre,2026-10-01T19:30,spektrix,158,2026-02-17,2026-09-23,,31
spektrix:arcolatheatre:399778AHKPTLRMCPDDNRLHHRVBBSLCCRN,The Turn of the Screw,Arcola Theatre,2026-10-01T14:30,spektrix,158,2026-02-17,2026-09-23,,55
spektrix:arcolatheatre:401183ALCDNNQCLTHCLMQMJMMBDJSMJSV,Fire Fire,Arcola Theatre,2026-10-01T19:00,spektrix,101,2026-06-18,2026-09-23,,91
spektrix:barbicancentre:3426601ANSDMJVGVGSDJQQJKPGDCLTVDV,Academy of Ancient Music,Barbican Arts Centre,2026-10-01T19:30,spektrix,,2026-04-24,2026-09-23,,
spektrix:barbicancentre:3546201AJJGMKVLRDVJRNNBBHKBPSPCDM,Pastoral,Barbican Arts Centre,2026-10-01T19:45,spektrix,,2026-06-19,2026-09-23,,
spektrix:barbicancentre:3619002AJJHGCVGVGPQRCVQLPNKMVKNKT,Kaiju: Frankenstein Vs Baragon (12A*) + intro,Barbican Arts Centre,2026-10-01T18:20,spektrix,,2026-07-09,2026-09-23,,
spektrix:barbicancentre:3705401APKNCKCKPHJLLRGCHLQQPMHKGH,Barbican Ghost Tour,Barbican Arts Centre,2026-10-01T20:00,spektrix,15,2026-09-17,2026-09-23,2026-09-29,0
spektrix:barbicancentre:3744602ARKNJJGHLRPBGSVSSHRNCQNMDC,Bitter Christmas (15) (AD),Barbican Arts Centre,2026-10-01T15:30,spektrix,156,2026-07-18,2026-09-28,,132
spektrix:barbicancentre:3746003ABKNGPDCVSCTRLJPTCTVLGTTNK,Remake (15),Barbican Arts Centre,2026-10-01T18:15,spektrix,156,2026-09-21,2026-09-30,,127
spektrix:barbicancentre:3746405AGJHLRSRJGRPMDCLRCRBCDHNGC,Everybody Digs Bill Evans (15) (AD),Barbican Arts Centre,2026-10-01T20:40,spektrix,156,2026-09-07,2026-09-30,,109
spektrix:bloomsburytheatre:549914AVNQGGMQHRKKCSVSNJRBDSCTDGH,Laughter is the Best Medicine,Bloomsbury Theatre,2026-10-01T19:30,spektrix,70,,2026-09-23,2026-09-27,0
spektrix:bloomsburytheatre:550114ACPQDHKNNPJPPDDMDQTHBVHCQGC,**Ticket Protection**,Bloomsbury Theatre,2026-10-01T19:30,spektrix,70,2025-11-03,2026-09-23,,70
spektrix:bushtheatre:303932AGDSHNQJRHHJBNSNQNTDNLTBGMG,The Hungry Ghost,Bush Theatre,2026-10-01T20:00,spektrix,60,2026-06-12,2026-09-23,2026-09-23,2
spektrix:bushtheatre:307746ABGCRCRCBMNKQVGPVMPMHMPHDMK,Darkling,Bush Theatre,2026-10-01T19:30,spektrix,,2026-06-12,2026-09-23,,
spektrix:cadoganhall:1307634ATPBBNDDGSLKMKNTPQTRSKSCNK,RPO: Mozart Revealed,Cadogan Hall,2026-10-01T18:00,spektrix,,2026-04-28,2026-09-23,,
spektrix:cadoganhall:1307834ANSTDGBRJQTDRSQBJLGCKKSRJK,RPO: Mozart Revealed,Cadogan Hall,2026-10-01T20:30,spektrix,,2026-04-28,2026-09-23,,
spektrix:donmarwarehouse:123206ATDKHGVMPGDVHGTTGMSDMQPLMVG,A MONTH IN THE COUNTRY,Donmar Warehouse,2026-10-01T19:30,spektrix,,2026-02-06,2026-09-23,,
spektrix:donmarwarehouse:125205ASQJPRNGRMRVGTVRSRQBGDKHVRM,A MONTH IN THE COUNTRY,Donmar Warehouse,2026-10-01T14:30,spektrix,,2026-02-06,2026-09-23,,
spektrix:ica:1780801AKTSNVVGMRNDDRDCPDHDNNMGNK,Carla dal Forno,Institute of Contemporary Arts,2026-10-01T19:30,spektrix,405,2026-05-05,2026-09-23,,405
spektrix:ica:1900401ACCMSSQJMCCGGDKDMVCKBJVRGH,"HKFF: Inherited Movements, many migrations + Discussion",Institute of Contemporary Arts,2026-10-01T18:15,spektrix,186,2026-08-14,2026-09-23,2026-09-26,1
spektrix:ica:1929401ACTSNSVKCSJGRQSKVMGGPBBJCK,Autumn Knight Performance 1: party of one,Institute of Contemporary Arts,2026-10-01T19:00,spektrix,75,2026-09-15,2026-09-23,2026-10-01,0
spektrix:ica:1946802AVCCLTQMTRSNGLTJGGTHLRRCJH,Late Fame,Institute of Contemporary Arts,2026-10-01T14:10,spektrix,45,2026-08-12,2026-09-26,,44
spektrix:ica:1948601ANTRGHNDGJSRQNRQLHKKGJTSVN,Everybody Digs Bill Evans,Institute of Contemporary Arts,2026-10-01T16:10,spektrix,45,2026-08-10,2026-09-25,,41
spektrix:littleangeltheatre:544319ACNTMRKJNHBSTDQJBMJLHNTCVCD,The Pied Piper: A Rat's Tale,Little Angel Theatre,2026-10-01T10:30,spektrix,96,2026-06-28,2026-09-23,2026-09-23,0
spektrix:littleangeltheatre:545499ANMPJTHCMHJHQVPVJNDLCHVLDRQ,The Pied Piper: A Rat's Tale,Little Angel Theatre,2026-10-01T16:45,spektrix,76,2026-06-28,2026-09-23,,36
spektrix:littleangeltheatre:546299ALSHSJLQRNJJKGVNQLDVJQBQVMN,The Pied Piper: A Rat's Tale,Little Angel Theatre,2026-10-01T13:00,spektrix,96,2026-06-28,2026-09-23,,65
spektrix:royalacademyofmusic:129401ABCVLJKDLMVTGCPGLJNGQQKMBQM,Elera Trio,Royal Academy of Music Museum,2026-10-01T13:00,spektrix,96,2026-07-13,2026-09-23,2026-09-23,0
spektrix:royalacademyofmusic:129601AJTVSHQVBBSVVGKVNQGGPHNMBSC,Celebrating International Music Day,Royal Academy of Music Museum,2026-10-01T15:30,spektrix,30,2026-07-13,2026-09-23,2026-09-23,0
spektrix:royalcourt:333367AVLNBJBQRVSLGVLNKNMTDHKQRKG,Blood of my Blood,Royal Court Theatre,2026-10-01T19:45,spektrix,200,2025-11-04,2026-09-23,2026-09-25,0
spektrix:royalcourt:345969AQLQRNGQLPSGJMJPDPSTHTDTDKS,Man to Man,Royal Court Theatre,2026-10-01T14:30,spektrix,,2025-11-04,2026-09-23,,
spektrix:royalcourt:346169APJMKPJCBSMSHKGRVMQDNTNBDQH,Man to Man,Royal Court Theatre,2026-10-01T19:30,spektrix,,2025-11-04,2026-09-23,,
spektrix:sohotheatre:1443403ANNSNGVQVRKNNTTSSKJRPTBDTR,Catherine Bohart: Borrowing Trouble,Soho Theatre,2026-10-01T19:15,spektrix,170,2025-11-14,2026-09-23,,15
spektrix:sohotheatre:1552803AMQMLGSNJKTBSQQPSTKGGPPDTC,Joseph Morpurgo: Highlander 70,Soho Theatre,2026-10-01T19:00,spektrix,,2026-04-30,2026-09-23,,
spektrix:sohotheatre:1600005AKPGRBDQBJKKNSBNPCHLCTMNCV,HAM,Soho Theatre,2026-10-01T18:45,spektrix,92,2026-06-23,2026-09-23,2026-09-23,2
spektrix:sohotheatre:1615006APNBHCCQTQSCKMDDBSGJRJHGKP,"Pierre Novellie: Okay, One More Then Bedtime",Soho Theatre,2026-10-01T21:15,spektrix,170,2026-07-24,2026-09-23,2026-09-30,0
spektrix:sohotheatre:1619006ATNPSPCGHMPRSGKGVCHTGLSTDJ,David Elms Describes a Room,Soho Theatre,2026-10-01T21:00,spektrix,,2026-08-11,2026-09-23,,
spektrix:sohotheatre:1622803AKSSVQVTBNDJLNVLPSPMTNGLNR,Maya Ricote: Ay Am!,Soho Theatre,2026-10-01T20:45,spektrix,90,2026-08-21,2026-09-23,,22
spektrix:southwarkplayhouse:126415APBGLNTRSTVHRJBPTSTVGVCMRQQ,Jane Eyre,Southwark Playhouse Borough,2026-10-01T19:00,spektrix,294,2026-03-10,2026-09-23,,178
spektrix:southwarkplayhouse:126607APMTPKBHRNGKTHNQLQCTSGNJCSB,Jane Eyre,Southwark Playhouse Borough,2026-10-01T14:30,spektrix,294,2026-03-10,2026-09-23,,3
spektrix:southwarkplayhouse:138603ACGLNRTPCKDGBLBNKHQJLLQJDNN,Night City,Southwark Playhouse Borough,2026-10-01T19:30,spektrix,132,2026-04-14,2026-09-23,,89
spektrix:southwarkplayhouse:148008ABSLBPGNPPKGBDDBRNGRTVLQJPC,Twenty Thousand Streets Under the Sky,Southwark Playhouse Borough,2026-10-01T19:00,spektrix,226,2026-06-25,2026-09-23,,162
spektrix:southwarkplayhouse:148206ABLTMNLNLPHSMTDVTDKMDGSCVJR,Twenty Thousand Streets Under the Sky,Southwark Playhouse Borough,2026-10-01T14:30,spektrix,226,2026-06-25,2026-09-23,,127
spektrix:southwarkplayhouse:157408AJHLTHQKKBLSQMSNMJHPPKMDMLD,Twenty Thousand Streets Under the Sky Playtext,Southwark Playhouse Borough,2026-10-01T14:30,spektrix,50,2026-09-07,2026-09-23,,50
spektrix:southwarkplayhouse:158615ADDMTGQDHPPTLCCVKHCHNBPDNKL,Twenty Thousand Streets Under the Sky Bundle,Southwark Playhouse Borough,2026-10-01T19:00,spektrix,50,2026-09-07,2026-09-23,,50
spektrix:southwarkplayhouse:159007AJKGNJHHLKPBMKGPDRRSQQDSJMM,Twenty Thousand Streets Under the Sky Bundle,Southwark Playhouse Borough,2026-10-01T14:30,spektrix,50,2026-09-07,2026-09-23,,50
spektrix:southwarkplayhouse:159215ADLLDNVDVTVKQPPTQTKMPJQDLMT,Twenty Thousand Streets Under the Sky Playtext,Southwark Playhouse Borough,2026-10-01T19:00,spektrix,50,2026-09-07,2026-09-23,,50
spektrix:southwarkplayhouse:160215AJMBLHCHQDDJLNTTBCTCJQPGNDB,Twenty Thousand Streets Under the Sky Programme,Southwark Playhouse Borough,2026-10-01T19:00,spektrix,50,2026-09-07,2026-09-23,,49
spektrix:southwarkplayhouse:160407AKDPBJBLBTLMPCPNPSSBSKRRTJH,Twenty Thousand Streets Under the Sky Programme,Southwark Playhouse Borough,2026-10-01T14:30,spektrix,50,2026-09-07,2026-09-23,,47
spektrix:stratfordeast:180616AGVVJPDTKDGKHSNLQNNPNTTPGRV,Bloodsport,Stratford East,2026-10-01T19:30,spektrix,,2026-03-07,2026-09-23,,
spektrix:stratfordeast:180806ACDJLTGRJHKMJPRKBVSVBQMBHGH,Bloodsport,Stratford East,2026-10-01T14:30,spektrix,,2026-03-07,2026-09-23,,
spektrix:tricycle:835251AGQGPLGJNQSQVQPVNSCCHTDJGBT,TABLE 17,Kiln Theatre,2026-10-01T19:30,spektrix,,2026-06-03,2026-09-23,,
spektrix:tricycle:846651AJDMMSDJJSBHSTTKDJJBBMJCMJV,Audio Description Add-ons,Kiln Theatre,2026-10-01T19:30,spektrix,37,2022-11-01,2026-09-24,,8
spektrix:tricycle:900450ACKVRQRBRPVVGSVQTVQLQQRKQLB,Everybody Digs Bill Evans,Kiln Theatre,2026-10-01T20:30,spektrix,,2026-08-17,2026-09-23,,
spektrix:tricycle:903250AGBHPSNQHPKJRSCQLBDJKCKSGQL,Bad Apples,Kiln Theatre,2026-10-01T18:15,spektrix,,2026-09-02,2026-10-01,,
spektrix:unicorntheatre:349489AVDPVNBRLBPDMCCVQBBQHCJSQJD,Pocket Money,Unicorn Theatre,2026-10-01T10:30,spektrix,,2026-02-09,2026-09-23,,
spektrix:whitechapelgallery:84601APCQHMGHKKSGKBJLBVSJRRCQDJTV,Aya Haidar: A Love Song for Whitechapel,Whitechapel Gallery,2026-10-01T18:30,spektrix,90,2026-08-12,2026-09-23,,23
spektrix:wiltons:327551ABDQPMVRBMRCMQNNQLMPHCSTPCV,Tim Key: Loganberry Sep26,Wilton's Music Hall,2026-10-01T19:45,spektrix,,2026-03-02,2026-09-23,,
ticketmaster:16dFZ_7pZG7z8Rr,Vanessa Paradis,KOKO,2026-10-01T19:00,ticketmaster,,2026-02-12,2026-09-23,,sold out or off sale
ticketmaster:17FYv0G62UJ_o1m,Nik West,Blue Note London,2026-10-01T21:30,ticketmaster,,2026-08-14,2026-09-23,,
ticketmaster:17FYv0G62UJbs1l,Nik West,Blue Note London,2026-10-01T19:00,ticketmaster,,2026-08-14,2026-09-23,,
ticketmaster:17u8v0G65C-2xiq,Faulty Towers the Dining Experience,President Hotel,2026-10-01T13:30,ticketmaster,,2026-05-19,2026-09-27,,
ticketmaster:17u8v0G65C-2xix,Faulty Towers the Dining Experience,President Hotel,2026-10-01T19:30,ticketmaster,,2026-05-19,2026-09-27,,
ticketmaster:17u8v0G65I0mGOl,The Book Of Mormon,Prince of Wales Theatre,2026-10-01T19:30,ticketmaster,,2026-05-26,2026-09-23,,
ticketmaster:17u8v0G6CMM07Up,favourite daughter,The Courtyard,2026-10-01T19:00,ticketmaster,,2026-07-31,2026-09-23,,
ticketmaster:17u8v0G6uMHc1o8,Belle Livingstone's 58th Street Country Club,Belle Livingstone's 58th Street Country Club,2026-10-01T19:00,ticketmaster,,2026-06-29,2026-09-23,,
ticketmaster:17uYv0G62LAYAav,Martin Guerre,The Old Vic Backstage,2026-10-01T19:30,ticketmaster,,2026-07-23,2026-09-23,,
ticketmaster:17uYv0G62o7KPXS,David Bowie: You're Not Alone,Lightroom,2026-10-01T12:30,ticketmaster,,2026-07-20,2026-09-23,,sold out or off sale
ticketmaster:17uYv0G65Rx0KQz,Stranger Things: The First Shadow,Phoenix Arts Club,2026-10-01T19:00,ticketmaster,,2026-05-27,2026-09-27,,
ticketmaster:1AMZkfkGkd003x3,Million Dollar Quartet,The Arts at Marble Arch,2026-10-01T14:30,ticketmaster,,2026-08-07,2026-09-23,,
ticketmaster:1AMZkfkGkd0w3N6,Million Dollar Quartet,The Arts at Marble Arch,2026-10-01T19:30,ticketmaster,,2026-08-07,2026-09-23,,
ticketmaster:1AMZkfsGkdmYpZu,Basement Presents: an Intimate Performance From Andrew Fisher,Hoxton Hall,2026-10-01T19:00,ticketmaster,,2026-09-23,2026-09-23,,
ticketmaster:1AMZkfxGkeIi7Pv,Inala,House of Sisters Grimm,2026-10-01T19:30,ticketmaster,,2026-09-02,2026-09-23,,
ticketmaster:1AMZko0GkdofMrb,The Hunger Games On Stage,Canary Wharf Theatre,2026-10-01T19:30,ticketmaster,,2026-03-09,2026-09-23,,
ticketmaster:1AdFZ_8GkROZO-c,Tom Scamell with Filter Feeder and Oriana Robos,The Troubadour,2026-10-01T20:00,ticketmaster,,2026-08-12,2026-09-23,,
ticketmaster:1AdbZbUGkMxuIw9,Marillion + Haunt the Woods,Eventim Apollo,2026-10-01T19:00,ticketmaster,,2025-11-20,2026-09-23,,
ticketmaster:1AdfZ_3GkTddSu4,My Sons a Queer (But What Can You Do?),Apollo Theatre,2026-10-01T19:30,ticketmaster,,2026-09-15,2026-09-23,,
ticketmaster:1AdfZ_6GkXh6fSz,Shakespeare's Globe - As You Like It,Shakespeare's Globe,2026-10-01T19:30,ticketmaster,,2026-03-31,2026-09-23,,
ticketmaster:1AdjZ_3GkRhNFB9,Sting's the Last Ship,"Theatre Royal, Drury Lane",2026-10-01T14:30,ticketmaster,,2026-09-11,2026-09-23,,
ticketmaster:1AdjZ_3GkRhsbD-,Sting's the Last Ship,"Theatre Royal, Drury Lane",2026-10-01T19:30,ticketmaster,,2026-09-11,2026-09-23,,
ticketmaster:1AdjZbMGkR_2116,Michael Ball: Glow UK Tour 2026,London Palladium,2026-10-01T18:30,ticketmaster,,2025-12-05,2026-09-23,,
ticketmaster:1AgZk3eGkdf1pXp,Shakespeare's Globe - Much Ado About Nothing,Shakespeare's Globe,2026-10-01T14:00,ticketmaster,,2026-04-02,2026-09-23,,
ticketmaster:1kuYvNuOGAuml9n,Phantom of the Opera,His Majesty's Theatre,2026-10-01T19:30,ticketmaster,,2025-09-22,2026-09-23,,
ticketmaster:G5dzZ_KNxVVEZ,InPop,O2 Academy Islington,2026-10-01T18:00,ticketmaster,,2026-09-28,2026-09-25,,
ticketmaster:G5vHZ_5RSSywQ,Chrissy Chlapecka,Scala,2026-10-01T19:00,ticketmaster,,2026-05-29,2026-09-23,,
ticketmaster:G5vHZ_8GgtQFX,The Tower of London - Standard All Day Entry,Tower Bridge Exhibition,2026-10-01T10:00,ticketmaster,,2026-08-03,2026-09-23,,sold out or off sale
ticketmaster:G5vHZ_8Qm67NE,Air India Presents: Rishab Sharma - Sitar For Mental Health,Royal Albert Hall,2026-10-01T19:30,ticketmaster,,2026-08-13,2026-09-23,,
ticketmaster:LvZ18Q-4hViXZcZvGU68Z,Fickle Friends,Electric Ballroom,2026-10-01T19:00,ticketmaster,,2026-05-29,2026-09-23,,
ticketmaster:LvZ18Q-jjigOX8OZErkw0,Wrex,New Cross Inn,2026-10-01T17:00,ticketmaster,,2026-05-29,2026-09-23,,
ticketmaster:LvZ18Q2d_GCZR4OZ0C46i,THE BLACKOUT - 1 OCTOBER,Up the Creek,2026-10-01T19:00,ticketmaster,,2025-10-16,2026-09-23,,
ticketmaster:LvZ18Q3hQxXpDVZZvPECV,Comedy in Your Eye - Stand up Comedy in Camden Town,Comedy In Your Eye,2026-10-01T19:00,ticketmaster,,2023-12-06,2026-09-23,,
ticketmaster:LvZ18Q9mSuf-66ZZ0wVSM,"Global Soul - Live: Ivana June, Gaïa, Lina Nikol, Tayah & Marzena",O2 Academy Islington,2026-10-01T18:30,ticketmaster,,2026-01-29,2026-09-23,,
ticketmaster:LvZ18QE9LDWImy7IDsgy0,"Oya Noire, ZYHH, Victoria Dell, Naomi Simon, Aaliyah Jasz",O2 Academy Islington,2026-10-01T18:30,ticketmaster,,2026-08-07,2026-09-23,,
ticketmaster:LvZ18QEJgwLXHfLrpwBxh,COBO : Comedy Shutdown | Black History Month & Nigerian Independence Day,The Top Secret Comedy Club,2026-10-01T18:00,ticketmaster,,2026-08-10,2026-09-23,,
ticketmaster:LvZ18QI9e46wjxBsc1LiQ,Nowar,Blondies,2026-10-01T18:00,ticketmaster,,2026-08-19,2026-09-23,,
ticketmaster:LvZ18QIav9_F_ikV6BYdk,Rick Simpson’s ‘Future Myth’,Vortex Jazz Club,2026-10-01T19:45,ticketmaster,,2026-08-16,2026-09-23,,
ticketmaster:LvZ18QLMgzi90fYZ0U2rN,Nicotine Dolls,Electric Brixton,2026-10-01T19:00,ticketmaster,,2026-05-08,2026-09-23,,
ticketmaster:LvZ18QO6rhjjRnZvqx8nG,Thee Sinseers,The Jazz Cafe,2026-10-01T19:00,ticketmaster,,2026-05-15,2026-09-23,,
ticketmaster:LvZ18QOJUrgC-NZZzANpS,The Best in Stand Up - Thursday 1st October,Comedy Store,2026-10-01T19:30,ticketmaster,,2026-05-17,2026-09-23,,
ticketmaster:LvZ18QP_AUQHpucINdnZx,Thursday Comedy Club London | Covent Garden,The Top Secret Comedy Club,2026-10-01T20:00,ticketmaster,,2026-07-14,2026-09-23,,
ticketmaster:LvZ18QbHV12nhYZZvfFpU,"International Stand Up Comedy, Covent Garden",The Top Secret Comedy Club,2026-10-01T20:00,ticketmaster,,2025-06-02,2026-09-23,,
ticketmaster:LvZ18Qh2IxwFuQ8ZHvZGW,DJ Seinfeld,The Traitors Live Experience,2026-10-01T19:00,ticketmaster,,2026-03-25,2026-09-23,,
ticketmaster:LvZ18QjaRwCs3tOZ0R4QT,Devlin - London,The Steelyard,2026-10-01T19:30,ticketmaster,,2026-03-24,2026-09-23,,
ticketmaster:LvZ18QnRS0gRxwrcpfD7c,TOM SCAMELL with FILTER FEEDER and ORIANA ROBOS,The Troubadour,2026-10-01T19:30,ticketmaster,,2026-09-17,2026-09-26,,
ticketmaster:LvZ18QnRzIzUg_-1wInS1,"Live Jazz from the Piano Bar at Red Room Studios, Soho",She Soho,2026-10-01T18:30,ticketmaster,,2026-04-14,2026-09-24,,
ticketmaster:LvZ18QnRzIzUg_-1wInS5,"Live Jazz from the Piano Bar at Red Room Studios, Soho",She Soho,2026-10-01T20:30,ticketmaster,,2026-04-14,2026-09-24,,
ticketmaster:LvZ18Qnniwsk9hO33WdAW,DJ Seinfeld (official afterparty),The Social,2026-10-01T23:00,ticketmaster,,2026-09-17,2026-09-23,,
ticketmaster:LvZ18QtOfDUFSbpkpATkx,The British Collective,Landing Canary Wharf,2026-10-01T21:00,ticketmaster,,2026-09-02,2026-09-23,,
ticketmaster:LvZ18QtllhgAUIi5UdNyG,Hine After Hours,Landing Canary Wharf,2026-10-01T19:00,ticketmaster,,2026-09-04,2026-09-23,,
ticketmaster:Z3r9uZKbZL4ZefkovZd9,Hay Fever,Wyndham's,2026-10-01T19:00,ticketmaster,,2025-01-01,2026-09-26,,sold out or off sale
ticketmaster:ZKr9uZKbZL4ZeoOpjZekG,Disney's Hercules,"Theatre Royal, Drury Lane",2026-10-01T14:30,ticketmaster,,2025-01-01,2026-09-23,,sold out or off sale
ticketmaster:ZKr9uZKbZL4ZeoOpjZeku,Disney's Hercules,"Theatre Royal, Drury Lane",2026-10-01T19:30,ticketmaster,,2025-01-01,2026-09-23,,sold out or off sale
ticketmaster:Zor9uZKbZL4ZefAN5ZG,The Standard of Living,Theatre Royal Haymarket,2026-10-01T14:30,ticketmaster,,2025-01-01,2026-09-23,,
ticketmaster:Zor9uZKbZL4ZefAN5Zu,The Standard of Living,Theatre Royal Haymarket,2026-10-01T19:30,ticketmaster,,2025-01-01,2026-09-23,,sold out or off sale
ticketmaster:Zor9uZKbZL4ZefF3fZk,Franz & Marie,Charing Cross Theatre,2026-10-01T19:30,ticketmaster,,2025-01-01,2026-09-23,,
tribe:bowarts.org:29896,Expressions of Fluidity: Story-tale Map – Lucía Scarselletta,Bow Arts Trust (Bow Road Studios),2026-10-01T12:00,tribe,,,2026-09-23,,
tribe:bowarts.org:30010,Opening Night – Expressions of Fluidity: Story-tale Map,Bow Arts Trust (Bow Road Studios),2026-10-01T18:00,tribe,,,2026-09-23,,
tribe:dalstonsuperstore.com:37735,Happy Endings,Dalston Superstore,2026-10-01T22:00,tribe,,,2026-09-23,,
tribe:www.towertheatre.org.uk:218896,A Mirror,Tower Theatre,2026-10-01T19:30,tribe,,,2026-09-23,,
dice:k62rx9,Poppin' Off: a 90s night,The Lexington,2026-10-03T23:00,dice,,,2026-09-23,,
dice:k6logp,Mauro & the Mob + Dulcet Tones + Joe Maddox,Aces and Eights Saloon Bar,2026-10-02T20:00,dice,,,2026-09-23,,
jsonld:chatspalace.com:2026-10-03T10:00:join-us-at-the-chats-fun-palace-,Join us at the Chats (Fun) Palace!,Chats Palace,2026-10-03T10:00,jsonld,,2026-10-03,2026-09-23,,available
jsonld:chatspalace.com:2026-10-04T16:00:the-each-one-teach-one-cabaret,The Each One Teach One Cabaret,Chats Palace,2026-10-04T16:00,jsonld,,2026-10-04,2026-09-23,,available
jsonld:newriverstudios.com:2026-10-03T19:30:nation-unrest-beton-arme-dark-thoughts-middleman,"Nation Unrest, Beton Arme, Dark Thoughts, Middleman",New River Studios,2026-10-03T19:30,jsonld,,,2026-09-26,,
jsonld:newriverstudios.com:2026-10-04T14:00:art-of-sundays-presents-free-party-a-folk-history-of-the-fre,Art of Sundays presents: FREE PARTY; A Folk History of the Free Party Movement (plus live sets; DJs),New River Studios,2026-10-04T14:00,jsonld,,,2026-10-01,,
jsonld:www.conwayhall.org.uk:2026-10-04T15:00:life-lessons-from-big-thinkers,Life Lessons from Big Thinkers,Conway Hall,2026-10-04,jsonld,,,2026-09-23,,
jsonld:www.conwayhall.org.uk:2026-10-04T18:30:no-s-quartet,Noûs Quartet,Conway Hall,2026-10-04T18:30,jsonld,,,2026-09-23,,
jsonld:www.firepit.art:2026-10-02T09:30:tiny-tides-peninsula-under-5-social-club,Tiny Tides Peninsula — Under-5 Social Club,Firepit Art Gallery,2026-10-02T09:30,jsonld,,2026-10-02,2026-09-23,,available
jsonld:www.firepit.art:2026-10-03T12:30:touch-grass-day-tripper-tree-walk-and-clay-altering,Touch Grass Day-Tripper — tree walk and clay altering,Firepit Art Gallery,2026-10-03T12:30,jsonld,,2026-10-02,2026-09-23,,available
jsonld:www.firepit.art:2026-10-03T17:00:open-mic-acoustic-night-firepit-red-room-sessions,Open Mic Acoustic Night - Firepit Red Room Sessions,Firepit Art Gallery,2026-10-03T17:00,jsonld,,2026-10-02,2026-09-23,,available
jsonld:www.museumofcomedy.com:2026-10-02T19:00:lst-new-comedian-of-the-year-2026-heats,LST New Comedian of the Year 2026: Heats,Museum of Comedy,2026-10-02T19:00,jsonld,,,2026-09-23,,available
jsonld:www.museumofcomedy.com:2026-10-03T16:00:lst-new-comedian-of-the-year-2026-heats,LST New Comedian of the Year 2026: Heats,Museum of Comedy,2026-10-03T16:00,jsonld,,,2026-09-23,,available
jsonld:www.museumofcomedy.com:2026-10-03T19:00:lst-new-comedian-of-the-year-2026-heats,LST New Comedian of the Year 2026: Heats,Museum of Comedy,2026-10-03T19:00,jsonld,,,2026-09-23,,available
jsonld:www.museumofcomedy.com:2026-10-04T16:00:lst-new-comedian-of-the-year-2026-heats,LST New Comedian of the Year 2026: Heats,Museum of Comedy,2026-10-04T16:00,jsonld,,,2026-09-23,,available
jsonld:www.museumofcomedy.com:2026-10-04T19:00:lst-new-comedian-of-the-year-2026-heats,LST New Comedian of the Year 2026: Heats,Museum of Comedy,2026-10-04T19:00,jsonld,,,2026-09-23,,available
jsonld:www.ovoarena.co.uk:2026-10-03T18:00:simple-plan,Simple Plan,OVO Arena Wembley,2026-10-03T18:00,jsonld,,2025-12-05,2026-09-23,,available
jsonld:www.ovoarena.co.uk:2026-10-04T16:00:baps-swaminarayan-sanstha-uk-and-europe-celebrations,BAPS Swaminarayan Sanstha (UK and Europe) Celebrations,OVO Arena Wembley,2026-10-04T16:00,jsonld,,,2026-09-23,,
jsonld:www.theo2.co.uk:2026-10-02T18:30:niall-horan,Niall Horan,The O2,2026-10-02,jsonld,,2026-04-02,2026-09-28,,
jsonld:www.theo2.co.uk:2026-10-03T18:30:the-phantoms,The Phantoms,The O2,2026-10-03T18:30,jsonld,,2025-10-10,2026-09-28,,
jsonld:www.theo2.co.uk:2026-10-04T18:00:karan-aujla,Karan Aujla,The O2,2026-10-04T18:00,jsonld,,2026-07-31,2026-09-28,,
jsonld:www.theo2.co.uk:2026-10-04T19:00:ore-oduba-the-vintage-boys-rock-n-roll-show-cancelled,ORE ODUBA - The Vintage Boys Rock 'n' Roll Show | Cancelled,The O2,2026-10-04T19:00,jsonld,,,2026-09-28,,
spektrix:alexandrapalace:939401ASTNGSDQNVQVTSLNGPNQJQLHBLJ,Haringey Huskies v Basingstoke Bison,Alexandra Palace,2026-10-03T17:30,spektrix,1200,2026-08-05,2026-09-23,,232
spektrix:alexandrapalace:969401ARCHTDKGTLGPCSGPMGLRHVPNBSR,Who Was Seen?,Alexandra Palace,2026-10-04T12:00,spektrix,70,2026-08-12,2026-09-23,,44
spektrix:arcolatheatre:391993AKVSVMMQPHTGMDKLMHGVPQTJGLR,The Turn of the Screw,Arcola Theatre,2026-10-02T19:30,spektrix,158,2026-02-17,2026-09-23,2026-10-02,0
spektrix:arcolatheatre:391994APVVCQBJBDVJKGMJMVRDMNMMQBP,The Turn of the Screw,Arcola Theatre,2026-10-03T19:30,spektrix,158,2026-02-17,2026-09-23,2026-09-29,0
spektrix:arcolatheatre:392180ACNCBVQBQCTSLBJHMQKLBLGCGHM,The Turn of the Screw,Arcola Theatre,2026-10-03T15:00,spektrix,158,2026-02-17,2026-09-23,2026-10-02,0
spektrix:arcolatheatre:400781ADSHBSMVNGGTPHNGPSTMGQPDNSN,Fire Fire,Arcola Theatre,2026-10-03T15:30,spektrix,101,2026-06-18,2026-09-23,,68
spektrix:arcolatheatre:401580AHJQVSTMBQDSKCTDSGMSKVNSVLB,Fire Fire,Arcola Theatre,2026-10-03T19:00,spektrix,101,2026-06-18,2026-09-23,,70
spektrix:arcolatheatre:401979ALJNBLGBSQSBLSJHDGBLNCHCNGS,Fire Fire,Arcola Theatre,2026-10-02T19:00,spektrix,101,2026-06-18,2026-09-23,,72
spektrix:barbicancentre:3340801AVJCDMHRRGRSGGMSQQKSLGDSHC,Scottish Ensemble: Bach & Blood,Barbican Arts Centre,2026-10-02T19:30,spektrix,,2026-04-24,2026-09-23,,
spektrix:barbicancentre:3478001AQDSSBSDJMGTRNPTPMCPVTVHKH,LSO Jerwood Composer+ Showcase,Barbican Arts Centre,2026-10-03T19:00,spektrix,,2026-04-24,2026-09-23,,
spektrix:barbicancentre:3546402AGKMKJMCBGCNTSMDLHGVDKPLRH,Pastoral,Barbican Arts Centre,2026-10-02T19:45,spektrix,,2026-06-19,2026-09-23,,
spektrix:barbicancentre:3546403ALMCJCDHLTSHRNLTQCRJPDBKTG,Pastoral,Barbican Arts Centre,2026-10-03T19:45,spektrix,,2026-06-19,2026-09-23,,
spektrix:barbicancentre:3547001AKHRQNVLDTLCPLVBBVHQHJTMNT,Pastoral,Barbican Arts Centre,2026-10-03T14:30,spektrix,,2026-06-19,2026-09-23,,
spektrix:barbicancentre:3576201ADHBJNRMHBTRMQDRLQTCMVJJVD,Stalker (PG) + intro,Barbican Arts Centre,2026-10-03T14:30,spektrix,,2026-06-11,2026-09-23,,
spektrix:barbicancentre:3633201ALDGQKCDQTVLHCCVJNLRQDSVMK,FFC: The Songbird's Secret (U*),Barbican Arts Centre,2026-10-03T11:00,spektrix,156,2026-07-13,2026-09-23,2026-09-25,4
spektrix:barbicancentre:3705001ASSJPHMHPJSSCDDMNPHCTCVNTP,Barbican Ghost Tour,Barbican Arts Centre,2026-10-02T18:00,spektrix,15,2026-09-17,2026-09-23,2026-10-02,0
spektrix:barbicancentre:3705002ANGVQVGQGMTVCDBCRGDPQRRNVN,Barbican Ghost Tour,Barbican Arts Centre,2026-10-03T18:00,spektrix,15,2026-09-17,2026-09-23,2026-10-01,0
spektrix:barbicancentre:3705201ADRPMNHPDCCTVDMCBVNLHGDVQJ,Barbican Ghost Tour,Barbican Arts Centre,2026-10-04T19:00,spektrix,15,2026-09-17,2026-09-23,2026-09-30,0
spektrix:barbicancentre:3705402ARCGPJJDTNSBDHGHRHRNBJMRTB,Barbican Ghost Tour,Barbican Arts Centre,2026-10-02T20:00,spektrix,15,2026-09-17,2026-09-23,2026-09-23,0
spektrix:barbicancentre:3705403APDKDRKKBTTKMBNLVNTMMKQVSJ,Barbican Ghost Tour,Barbican Arts Centre,2026-10-03T20:00,spektrix,15,2026-09-17,2026-09-23,2026-09-28,0
spektrix:barbicancentre:3746804AGBPHPLTCBNMQLVJMHQHMTKHBD,Parent & Baby Screening: Sense and Sensibility (U),Barbican Arts Centre,2026-10-03T11:15,spektrix,156,2026-09-21,2026-09-23,,81
spektrix:barbicancentre:3748401ASLCQMMVRMQMCDNBHQGTSHSDLN,Members' Screening: Sense and Sensibility (U),Barbican Arts Centre,2026-10-04T11:00,spektrix,156,2026-09-21,2026-09-23,,60
spektrix:bloomsburytheatre:552314AHVHLJSJGMHJHRKCNMBRMBMVBPP,The A-Z of Me,Bloomsbury Theatre,2026-10-03T19:30,spektrix,,2026-06-24,2026-09-23,,
spektrix:bloomsburytheatre:552514AKGGBDGDVBBHVQNMLHRSBBBTGSR,**Ticket Protection**,Bloomsbury Theatre,2026-10-03T19:30,spektrix,545,2025-11-03,2026-09-23,,475
spektrix:bloomsburytheatre:558114ANCDSLPBDMRGSQTLHPPJGMCKKMS,A Pattern Portrait of UCL,Bloomsbury Theatre,2026-10-02T11:00,spektrix,500,,2026-09-23,,414
spektrix:bloomsburytheatre:561514ABRBJPVQKSNTCRPBJVMQVRQGGVC,Pattern Portraits Live,Bloomsbury Theatre,2026-10-02T18:00,spektrix,,,2026-09-23,,
spektrix:bushtheatre:304132AGTQNQBDSNSRBBKPDTDBBLHTSTC,The Hungry Ghost,Bush Theatre,2026-10-02T20:00,spektrix,60,2026-06-12,2026-09-23,2026-09-23,0
spektrix:bushtheatre:304332ANJVJBQVCTGVRLCRCMDHKDJMPTR,The Hungry Ghost,Bush Theatre,2026-10-03T20:00,spektrix,60,2026-06-12,2026-09-23,2026-09-23,0
spektrix:bushtheatre:307747ASLDTJRKSLLKGCLBTSBPCKMCKHP,Darkling,Bush Theatre,2026-10-02T19:30,spektrix,,2026-06-12,2026-09-23,,
spektrix:bushtheatre:307748AVGLMLCMMKQBDHNVBJTGRVQCTPN,Darkling,Bush Theatre,2026-10-03T19:30,spektrix,,2026-06-12,2026-09-23,,
spektrix:bushtheatre:307937ATBTSJPLCQNDNRPQJSNSMRSHCPS,Darkling,Bush Theatre,2026-10-03T14:30,spektrix,,2026-06-12,2026-09-23,,
spektrix:bushtheatre:311732ASNBCBSVVTHDJSBRLLBQTKMCTPV,Audio Description Headset,Bush Theatre,2026-10-03T14:30,spektrix,15,2024-10-15,2026-09-23,,15
spektrix:bushtheatre:312533AJHCHJTHNNQBPGQPGJNTGKRDQPL,Touch Tour,Bush Theatre,2026-10-03T13:30,spektrix,15,2023-09-11,2026-09-23,,15
spektrix:bushtheatre:320532ARTQDBRJKKPNNGDGQKNHMPLJNCR,ALT B: MIXTAPE: Live with Perla Kantarjian & Olivia Melkonian,Bush Theatre,2026-10-03T19:00,spektrix,50,2026-09-14,2026-09-23,,23
spektrix:cadoganhall:1293434ABCCJBCPHLPQRQRVTGBHKHLRVN,Mari Wilson,Cadogan Hall,2026-10-04T18:30,spektrix,,2026-03-20,2026-09-23,,
spektrix:cadoganhall:1311834AMKLJBDSCTBQRPKBNGDBKCPPDD,Captain Fantastic,Cadogan Hall,2026-10-02T19:30,spektrix,,2026-04-24,2026-09-23,,
spektrix:donmarwarehouse:124013AJCJBRTJJTTGNKLCRHKTLBCLMVV,A MONTH IN THE COUNTRY,Donmar Warehouse,2026-10-03T14:30,spektrix,,2026-02-06,2026-09-23,,
spektrix:donmarwarehouse:124813ACVDKGBDKLQRQSDPSPSPBHQTPQD,A MONTH IN THE COUNTRY,Donmar Warehouse,2026-10-03T19:30,spektrix,,2026-02-06,2026-09-23,,
spektrix:donmarwarehouse:124818ABHNGLRRPLTMNVNCVSCJJKQTDDK,A MONTH IN THE COUNTRY,Donmar Warehouse,2026-10-02T19:30,spektrix,,2026-02-06,2026-09-23,,
spektrix:ica:1705201AMSSHGQLJDTTPPCTQSVGSNRKTM,White Flowers,Institute of Contemporary Arts,2026-10-02T19:30,spektrix,405,2026-10-02,2026-09-23,,405
spektrix:ica:1838401AMQTPHDGBDBMHJKDHBQCMLKHRJ,CF75: Blanche,Institute of Contemporary Arts,2026-10-04T16:00,spektrix,186,2026-06-19,2026-09-23,,126
spektrix:ica:1900601AJKCHBBLNVTGVKRPRRRPPJPQCK,"HKFF: I am fine, thank you. + Panel Discussion",Institute of Contemporary Arts,2026-10-03T13:15,spektrix,186,2026-08-14,2026-09-23,,60
spektrix:ica:1900801ANSPPSKRBVVTKJBSCJCJBGCMST,HKFF: Remanence: The (Un)erasable - Moving Image+ Lecture Performance,Institute of Contemporary Arts,2026-10-03T18:30,spektrix,186,2026-08-14,2026-09-23,,81
spektrix:ica:1903801AQBBGRKHQDRDRGRLNDGKCKJMGV,LoLaFF: Strawberry and Chocolate + Q&A,Institute of Contemporary Arts,2026-10-03T16:00,spektrix,186,2026-08-17,2026-09-23,,56
spektrix:ica:1904001ARBVPQBBTNLKJRJHQQNTLKRVQQ,"LoLaFF: Memory, Family & Return",Institute of Contemporary Arts,2026-10-03T12:15,spektrix,45,2026-08-17,2026-09-23,2026-09-30,0
spektrix:ica:1904201AJSCQSKMMSGNHMCVKGQQJQJMLH,LoLaFF: Concepción,Institute of Contemporary Arts,2026-10-03T14:15,spektrix,45,2026-08-17,2026-09-23,,16
spektrix:ica:1904202AKTJMGSMBJGLPQLRRHQVCNLMVC,LoLaFF: Life is Dance,Institute of Contemporary Arts,2026-10-04T18:00,spektrix,45,2026-08-17,2026-09-23,2026-09-28,1
spektrix:ica:1904401APVCGCVQNGVPDJSRKGGTHPDSBR,LoLaFF: ¡Quba!,Institute of Contemporary Arts,2026-10-03T18:30,spektrix,45,2026-08-17,2026-09-23,2026-10-02,0
spektrix:ica:1904601AQVKJQSGRRNCNMKSKNGKNKGSPL,LolaFF: Stories of Resilience,Institute of Contemporary Arts,2026-10-04T12:15,spektrix,45,2026-08-17,2026-09-23,,8
spektrix:ica:1904801ACKVSHKPRNKSVTGNVQKGKKKPML,LoLaFF: Dogs,Institute of Contemporary Arts,2026-10-04T14:00,spektrix,186,2026-08-17,2026-09-23,,131
spektrix:ica:1905001ATQLPVVQKPHGRVTCRGQPCLPLNQ,LoLaFF: Street Wanderers,Institute of Contemporary Arts,2026-10-04T16:00,spektrix,45,2026-08-17,2026-09-23,,6
spektrix:ica:1905201ALJTDGTMSKJPNHMMSQHGNDPNVK,LoLaFF: Naira,Institute of Contemporary Arts,2026-10-04T20:00,spektrix,45,2026-08-17,2026-09-23,2026-09-24,0
spektrix:ica:1916201ACSBQLKPTLMPCVRNVPJLRRTTBV,Conditions Studio Programme: Film & Video 2026,Institute of Contemporary Arts,2026-10-02T18:30,spektrix,186,2026-08-27,2026-09-23,,85
spektrix:ica:1929001ARLPDBRGCVQPTPDGMHJQPVBRVP,Listen with your Eyes 7: Experimental Films for Families,Institute of Contemporary Arts,2026-10-04T11:00,spektrix,186,2026-09-03,2026-09-23,,69
spektrix:ica:1933601ACPGGGPBCPLBHMLTMVNNRNSJHD,LoLaFF: Nunkui,Institute of Contemporary Arts,2026-10-03T20:00,spektrix,45,2026-09-07,2026-09-23,2026-09-30,0
spektrix:ica:1934601AGLMTDHPGNQGMLNLNMCRTTTCPP,My Tragedy,Institute of Contemporary Arts,2026-10-03T19:00,spektrix,120,2026-09-08,2026-09-23,2026-09-23,0
spektrix:ica:1955801AVQHBHMGNSGPSVVPTBMSJHJRDG,Off-Circuit: UK PREMIERE The Day She Returns,Institute of Contemporary Arts,2026-10-02T12:15,spektrix,186,2026-06-14,2026-09-28,,185
spektrix:ica:1956201ACLJJJRPNKTJCCGSVLRHDGJVRB,Late Fame,Institute of Contemporary Arts,2026-10-02T14:15,spektrix,186,2026-08-12,2026-10-02,,181
spektrix:ica:1958001AHPNTVKQDJMRTQCMVDMRJGBRLC,Off-Circuit: UK PREMIERE Pin de Fartie,Institute of Contemporary Arts,2026-10-02T12:15,spektrix,45,2026-06-14,2026-09-28,,45
spektrix:ica:1958401ACMSLSQPBRTDDRGBHLMNVBPNNG,Queen at Sea,Institute of Contemporary Arts,2026-10-02T14:15,spektrix,45,2026-09-03,2026-10-01,,39
spektrix:littleangeltheatre:542103ALJKRCMDKHSCNBBVRNVPRQTCBQV,Pip and Posy Live on Stage,Little Angel Theatre,2026-10-03T10:30,spektrix,100,2026-06-23,2026-09-23,2026-09-23,0
spektrix:littleangeltheatre:542104APLKQNBDKNMNVDLTQNDRMPQMNMT,Pip and Posy Live on Stage,Little Angel Theatre,2026-10-03T13:30,spektrix,100,2026-06-23,2026-09-23,2026-09-27,0
spektrix:littleangeltheatre:542106AGQGHNBQBBRHNMLHGDCGDCPHJBL,Pip and Posy Live on Stage,Little Angel Theatre,2026-10-04T10:30,spektrix,100,2026-06-23,2026-09-23,2026-09-23,0
spektrix:littleangeltheatre:542107ACDTHSKTMCVGJJRNHJSMPKHLHGG,Pip and Posy Live on Stage,Little Angel Theatre,2026-10-04T13:30,spektrix,100,2026-06-23,2026-09-23,2026-09-27,0
spektrix:littleangeltheatre:542108ARBBKMNTHJSQQCHDSKDQKTTCVPC,Pip and Posy Live on Stage,Little Angel Theatre,2026-10-04T15:30,spektrix,100,2026-06-23,2026-09-23,2026-09-26,0
spektrix:littleangeltheatre:542898APMDNRTDLGPNBQDDLLLNVVKPMBV,Pip and Posy Live on Stage,Little Angel Theatre,2026-10-02T16:45,spektrix,100,2026-06-23,2026-09-23,2026-10-01,2
spektrix:littleangeltheatre:543303AGNDPRLCVDSTRRNKRQKSCTKGCNK,Pip and Posy Live on Stage,Little Angel Theatre,2026-10-02T10:30,spektrix,126,2026-06-23,2026-09-23,2026-09-28,0
spektrix:littleangeltheatre:543304ANGDLKLGQNRJHKGDKQBJCNBMTNH,Pip and Posy Live on Stage,Little Angel Theatre,2026-10-02T13:00,spektrix,126,2026-06-23,2026-09-23,2026-09-27,0
spektrix:littleangeltheatre:544305ANQPVVRVKCRTJTTMGKDGPRNSGDB,The Pied Piper: A Rat's Tale,Little Angel Theatre,2026-10-03T11:00,spektrix,76,2026-06-28,2026-09-23,,27
spektrix:littleangeltheatre:544306ACNPJCHQKRHTSBHTDRKJCHTHLGP,The Pied Piper: A Rat's Tale,Little Angel Theatre,2026-10-03T14:00,spektrix,76,2026-06-28,2026-09-23,,13
spektrix:littleangeltheatre:544307ASLBBSLKQMNQBVKBNNRLVPSPKRT,The Pied Piper: A Rat's Tale,Little Angel Theatre,2026-10-04T11:00,spektrix,76,2026-06-28,2026-09-23,,13
spektrix:littleangeltheatre:544308AVMQCSHPGDQLMRTTTQDPNRPVBLP,The Pied Piper: A Rat's Tale,Little Angel Theatre,2026-10-04T14:00,spektrix,76,2026-06-28,2026-09-23,,9
spektrix:littleangeltheatre:544320ACRGGTBLNBMGJSHNCHKRHGQTKTN,The Pied Piper: A Rat's Tale,Little Angel Theatre,2026-10-02T10:30,spektrix,96,2026-06-28,2026-09-23,2026-09-23,0
spektrix:littleangeltheatre:544329AKSSCMHLRHVHRTMKMKNTRJSQSJD,The Pied Piper: A Rat's Tale,Little Angel Theatre,2026-10-02T13:15,spektrix,96,2026-06-28,2026-09-23,,65
spektrix:littleangeltheatre:544499AKCSLPGNKKPTDVKCDTNVRLDRDJC,The Pied Piper: A Rat's Tale,Little Angel Theatre,2026-10-03T16:00,spektrix,76,2026-06-28,2026-09-23,,25
spektrix:littleangeltheatre:546099ADVJHRSMQSSVVLRJQKSHGQKVDCK,The Pied Piper: A Rat's Tale,Little Angel Theatre,2026-10-02T17:15,spektrix,76,2026-06-28,2026-09-23,,34
spektrix:littleangeltheatre:557097ACHNSPJMTMDJMPDDJNQLBSVDGVB,The Pied Piper: A Rat's Tale,Little Angel Theatre,2026-10-04T16:00,spektrix,76,2026-06-28,2026-09-23,,42
spektrix:richmix:1926402ALBSLVPMDTHJCQPHDJQNHPJDBJ,In Living Memory Exhibition Opening,Rich Mix,2026-10-02T19:00,spektrix,100,2026-09-03,2026-09-23,2026-09-29,0
spektrix:richmix:1927602AMMSPJDPRJKVJMHSTNPNMCTLTD,"London, From The Margins: Here to Stay: Asian Underground Screening & Talk",Rich Mix,2026-10-03T18:30,spektrix,183,2026-09-15,2026-09-23,,8
spektrix:royalacademyofmusic:130001ASNPBJTQDQPGDNQTMRBPVHHPLCS,Snippets,Royal Academy of Music Museum,2026-10-02T11:30,spektrix,96,2026-07-13,2026-09-23,,2
spektrix:royalacademyofmusic:130201ARLMBRHDDJTRRVLBSKRRHHSQBDQ,"British Violin Making Association: New Works, New Instruments",Royal Academy of Music Museum,2026-10-04T12:30,spektrix,96,2026-07-13,2026-09-23,2026-09-27,6
spektrix:royalacademyofmusic:93203APVPJQPPLNCDSVKQBPMKBDQCSPKH,Programme,Royal Academy of Music Museum,2026-10-04T12:00,spektrix,500,2025-04-04,2026-09-23,2026-09-30,0
spektrix:royalacademyofmusic:93601ASMSRSHLGTLHJVMLSMKVNQKJMQCR,Here The Deities Approve,Royal Academy of Music Museum,2026-10-04T12:00,spektrix,,2025-10-03,2026-09-23,,
spektrix:royalcourt:344769AVSGBVTTRPRQGNKPTTRHDRDQJJL,Blood of my Blood,Royal Court Theatre,2026-10-03T18:45,spektrix,200,2025-11-04,2026-09-23,2026-09-23,4
spektrix:royalcourt:345176AGDJHKBGLDJJHBNKPCNKPVMGPQG,Man to Man,Royal Court Theatre,2026-10-02T19:30,spektrix,,2025-11-04,2026-09-23,,
spektrix:royalcourt:345770ACDTGLDKHBLVBSTQRGDCDQLGJLD,Man to Man,Royal Court Theatre,2026-10-03T18:30,spektrix,,2025-11-04,2026-09-23,,
spektrix:royalcourt:346769ANMBHQNCVQSBDBDPPJBNDKBNSJM,Man to Man,Royal Court Theatre,2026-10-03T13:30,spektrix,,2025-11-04,2026-09-23,,
spektrix:royalcourt:346967AHHQVLRPLBVNJGNJDBMPMDDRKCC,Blood of my Blood,Royal Court Theatre,2026-10-02T19:45,spektrix,200,2025-11-04,2026-09-23,2026-09-23,2
spektrix:royalcourt:385967AGVSKPQLVDJGJCTJDMGRPHQMMKR,Writers' Card: Writers' Canteen,Royal Court Theatre,2026-10-02T13:00,spektrix,65,2026-09-25,2026-09-24,2026-09-24,0
spektrix:sohotheatre:1443404APGDNJPNJCVGPVPTJRJNTPVGBB,Catherine Bohart: Borrowing Trouble,Soho Theatre,2026-10-02T19:15,spektrix,170,2025-11-14,2026-09-23,2026-10-02,0
spektrix:sohotheatre:1443405ACMVHJSMHBSTRBMRTHPJPNMMDK,Catherine Bohart: Borrowing Trouble,Soho Theatre,2026-10-03T19:15,spektrix,170,2025-11-14,2026-09-23,2026-10-02,0
spektrix:sohotheatre:1552804AMHVHHPHHPMMBRRNVGNGNVVDJL,Joseph Morpurgo: Highlander 70,Soho Theatre,2026-10-02T19:00,spektrix,,2026-04-30,2026-09-23,,
spektrix:sohotheatre:1552805ANTQQMPGSQRQSQPRDRBGMJQRDP,Joseph Morpurgo: Highlander 70,Soho Theatre,2026-10-03T19:00,spektrix,,2026-04-30,2026-09-23,,
spektrix:sohotheatre:1596003AVSVVBKPMHJLDRKDDRBNPSTMLK,Douglas Lim: Vital Stats,Soho Theatre,2026-10-02T21:15,spektrix,170,2026-06-24,2026-09-23,2026-09-23,8
spektrix:sohotheatre:1596004ACSBCGBPQMTMSLQTQRNPRRNMJD,Douglas Lim: Vital Stats,Soho Theatre,2026-10-03T21:15,spektrix,170,2026-06-24,2026-09-23,2026-09-23,8
spektrix:sohotheatre:1599203AHRLCQHDDLKJCDQHNDMNGHBQQM,HAM,Soho Theatre,2026-10-02T18:45,spektrix,92,2026-06-23,2026-09-23,2026-09-23,0
spektrix:sohotheatre:1599204AMDVJCTTSTSJLRDBHKNPGNQHGJ,HAM,Soho Theatre,2026-10-03T18:45,spektrix,92,2026-06-23,2026-09-23,,2
spektrix:sohotheatre:1617803AMNQCHVMJPVJMSLTTTBPVTMHQC,Alan Davies: Think Ahead,Soho Theatre,2026-10-03T19:30,spektrix,,2026-08-07,2026-09-23,,
spektrix:sohotheatre:1619007ANMHTVBRCKQPMNQLVHPNHLLBBG,David Elms Describes a Room,Soho Theatre,2026-10-02T21:00,spektrix,,2026-08-11,2026-09-23,,
spektrix:sohotheatre:1619008AKPNVTKNGVRVMQCVHKJDCNJNNG,David Elms Describes a Room,Soho Theatre,2026-10-03T21:00,spektrix,,2026-08-11,2026-09-23,,
spektrix:sohotheatre:1622804AKPRHDTBJGJPGJPLSCQLPVPLQK,Maya Ricote: Ay Am!,Soho Theatre,2026-10-02T20:45,spektrix,90,2026-08-21,2026-09-23,,2
spektrix:sohotheatre:1622805AMDBBLTPHVJHSHDQNNSVSSHSRR,Maya Ricote: Ay Am!,Soho Theatre,2026-10-03T20:45,spektrix,90,2026-08-21,2026-09-23,,25
spektrix:southwarkplayhouse:126608AVRJQCGMJGLRNKVCDHQQDKJGHQJ,Jane Eyre,Southwark Playhouse Borough,2026-10-03T14:30,spektrix,294,2026-03-10,2026-09-23,,25
spektrix:southwarkplayhouse:126807APJGGCKKTRJLVTHRPTGVNNVCDNG,Jane Eyre,Southwark Playhouse Borough,2026-10-02T19:00,spektrix,294,2026-03-10,2026-09-23,,129
spektrix:southwarkplayhouse:126808AGTGBNKNMNPCMKQRTTBHCTRLKKS,Jane Eyre,Southwark Playhouse Borough,2026-10-03T19:00,spektrix,294,2026-03-10,2026-09-23,,97
spektrix:southwarkplayhouse:137206AHVPHTPJQJQVCJBRLKJBVSSCLKK,Night City,Southwark Playhouse Borough,2026-10-03T19:30,spektrix,132,2026-04-14,2026-09-23,,88
spektrix:southwarkplayhouse:137806ABMMQNDSHKJHMCBSMRKRDDGNNVS,Night City,Southwark Playhouse Borough,2026-10-02T19:30,spektrix,132,2026-04-14,2026-09-23,,95
spektrix:southwarkplayhouse:138807AHHSLSCPDCPMMQGGRQHLTVJDSQG,Night City,Southwark Playhouse Borough,2026-10-03T15:00,spektrix,132,2026-04-14,2026-09-23,,67
spektrix:southwarkplayhouse:147206ACHCRHBBQDQJVQKNTKLLNDGTMBT,Twenty Thousand Streets Under the Sky,Southwark Playhouse Borough,2026-10-02T19:00,spektrix,226,2026-06-25,2026-09-23,,137
spektrix:southwarkplayhouse:147207ADVHNNPRVLCCQNBCKBGNRRBDRDL,Twenty Thousand Streets Under the Sky,Southwark Playhouse Borough,2026-10-03T19:00,spektrix,226,2026-06-25,2026-09-23,,139
spektrix:southwarkplayhouse:148603ANSJCPNPGDVJCQGTBKLJVMHGCLL,Twenty Thousand Streets Under the Sky,Southwark Playhouse Borough,2026-10-03T14:30,spektrix,226,2026-06-25,2026-09-23,,107
spektrix:southwarkplayhouse:157409ACBNNVKDKNRJCVPJPDJGPKNVLTR,Twenty Thousand Streets Under the Sky Playtext,Southwark Playhouse Borough,2026-10-03T14:30,spektrix,50,2026-09-07,2026-09-23,,50
spektrix:southwarkplayhouse:158616ADBCNVSRJNTTNQSCDCBPNRRQCCD,Twenty Thousand Streets Under the Sky Bundle,Southwark Playhouse Borough,2026-10-02T19:00,spektrix,50,2026-09-07,2026-09-23,,49
spektrix:southwarkplayhouse:158617ASKNMTCRHJMMQRHRRCJGJDMKVBV,Twenty Thousand Streets Under the Sky Bundle,Southwark Playhouse Borough,2026-10-03T19:00,spektrix,50,2026-09-07,2026-09-23,,49
spektrix:southwarkplayhouse:159008ARHHVJQJKLSMGTLDGMKCDDTCRSS,Twenty Thousand Streets Under the Sky Bundle,Southwark Playhouse Borough,2026-10-03T14:30,spektrix,50,2026-09-07,2026-09-23,,50
spektrix:southwarkplayhouse:159216ASKSRGCBRKVGHVPGRDJGTPGGBSN,Twenty Thousand Streets Under the Sky Playtext,Southwark Playhouse Borough,2026-10-02T19:00,spektrix,50,2026-09-07,2026-09-23,,50
spektrix:southwarkplayhouse:159217AQPTNHTSGTMHPMQRRGLLCVRPPVH,Twenty Thousand Streets Under the Sky Playtext,Southwark Playhouse Borough,2026-10-03T19:00,spektrix,50,2026-09-07,2026-09-23,,50
spektrix:southwarkplayhouse:160216AHMBHCBMCQQDMTHLKPHQRLHRGGT,Twenty Thousand Streets Under the Sky Programme,Southwark Playhouse Borough,2026-10-02T19:00,spektrix,50,2026-09-07,2026-09-23,,49
spektrix:southwarkplayhouse:160217AJBLTQQPTGQHSLMCPKCCRGBGQPD,Twenty Thousand Streets Under the Sky Programme,Southwark Playhouse Borough,2026-10-03T19:00,spektrix,50,2026-09-07,2026-09-23,,49
spektrix:southwarkplayhouse:160408ATVVTRLLSNVKPDJMRQBGVPPQMBL,Twenty Thousand Streets Under the Sky Programme,Southwark Playhouse Borough,2026-10-03T14:30,spektrix,50,2026-09-07,2026-09-23,,49
spektrix:stratfordeast:180617ALHJCVLVCPTGBJMLSTNRVGHQBHH,Bloodsport,Stratford East,2026-10-02T19:30,spektrix,,2026-03-07,2026-09-23,,
spektrix:stratfordeast:180618AQRDRVGJPMMMGGGJHTLDBDPNBQJ,Bloodsport,Stratford East,2026-10-03T19:30,spektrix,,2026-03-07,2026-09-23,,
spektrix:stratfordeast:180807ANCMGBBQBGQVHPCTVBDSCSMNLDH,Bloodsport,Stratford East,2026-10-03T14:30,spektrix,,2026-03-07,2026-09-23,,
spektrix:thealbany:757596ASRKRQMTQMTLTJMKCPSDNLDGSNM,Spring 2026: Come 'n' Grow,The Albany,2026-10-02T12:00,spektrix,30,2026-02-27,2026-09-23,,19
spektrix:thealbany:771579AJKPVJNDGRTTVKTTVNJLRNHBLLK,Autumn 2026 : Good Chaos Party,The Albany,2026-10-02T18:00,spektrix,200,2026-08-14,2026-09-23,,28
spektrix:theplace:896636ARHVCCDVPSVLTHSHLTVDQLLRJJC,LCDS: Contact Jam 2026/27,The Place,2026-10-02T18:30,spektrix,19,2026-09-29,2026-09-29,,19
spektrix:tricycle:838251AGQPRLDJTNVVSBCDJGTRDRPDHHM,TABLE 17,Kiln Theatre,2026-10-03T14:30,spektrix,,2026-06-03,2026-09-23,,
spektrix:tricycle:838451AJGGSDCCJNMBQBDJGDHQLGJVNML,TABLE 17,Kiln Theatre,2026-10-03T19:30,spektrix,,2026-06-03,2026-09-23,,
spektrix:tricycle:838850ASHTTHBTVHMBRVVSNPHTDDGNRDP,TABLE 17,Kiln Theatre,2026-10-02T19:30,spektrix,,2026-06-03,2026-09-23,,
spektrix:tricycle:844851ACVDTBVCQGSHCQQJVGKDJKTSCQD,Audio Description Add-ons,Kiln Theatre,2026-10-03T14:30,spektrix,37,2022-11-01,2026-09-24,,8
spektrix:tricycle:846250ADTPJVPNPDTPPGSBSVTTGPRRTDL,Audio Description Add-ons,Kiln Theatre,2026-10-02T19:30,spektrix,37,2022-11-01,2026-09-24,,7
spektrix:tricycle:847249AJJTNBCNTJMRJDNKBLLCCVBVNNQ,Audio Description Add-ons,Kiln Theatre,2026-10-03T19:30,spektrix,37,2022-11-01,2026-09-24,,8
spektrix:tricycle:878649AVNNJPKSHPNGPQKHNRLPHQDVRDP,Jim Carter presents: Brassed Off 30th Anniversary Screening + Q&A,Kiln Theatre,2026-10-04T15:00,spektrix,,2026-07-06,2026-09-23,,
spektrix:unicorntheatre:348687ASVNJNVHCJJCHLHVPJQQMMLTTHP,Pocket Money,Unicorn Theatre,2026-10-03T12:30,spektrix,,2026-02-09,2026-09-23,,
spektrix:unicorntheatre:348887ARLVHPNJSDCLBDNKSDSBRMBTKTH,Pocket Money,Unicorn Theatre,2026-10-04T16:30,spektrix,,2026-02-09,2026-09-23,,
spektrix:unicorntheatre:349087ANSNDGLDRVCSCPDCVLCPSVCMGRN,Pocket Money,Unicorn Theatre,2026-10-04T12:30,spektrix,,2026-02-09,2026-09-23,,
spektrix:unicorntheatre:364287ABVNQLCGLGBCKJGQBKLCCLJKDSL,Home Song,Unicorn Theatre,2026-10-02T10:00,spektrix,,2026-02-16,2026-09-23,,
spektrix:unicorntheatre:365687AMHVHVKSVKJTBBJSSKRLPLJTRTN,Home Song,Unicorn Theatre,2026-10-03T10:00,spektrix,,2026-02-16,2026-09-23,,
spektrix:unicorntheatre:365688ABMVJLCKHSBTMNVMHRJLMMSTLDG,Home Song,Unicorn Theatre,2026-10-04T10:00,spektrix,,2026-02-16,2026-09-23,,
spektrix:unicorntheatre:365887ANQNNLGSBVKGJQNBBKMVMNDTRLV,Home Song,Unicorn Theatre,2026-10-03T11:30,spektrix,,2026-02-16,2026-09-23,,
spektrix:unicorntheatre:365888ACCCKPHMTRGPKSRBCVLCSGNVKRB,Home Song,Unicorn Theatre,2026-10-04T11:30,spektrix,,2026-02-16,2026-09-23,,
spektrix:unicorntheatre:366087AVGQCCPTTVQGVSVSTCHGBCGMQTP,Home Song,Unicorn Theatre,2026-10-04T13:30,spektrix,,2026-02-16,2026-09-23,,
spektrix:whitechapelgallery:87801ASLQQHMPKPGBDLSGTSDTGVGLSHBK,The Strength Between Us,Whitechapel Gallery,2026-10-03T12:00,spektrix,500,2026-09-03,2026-09-23,,218
spektrix:whitechapelgallery:88001ADRQNDDMJRSRGPCBRBDVGTKQJCDH,The Strength Between Us,Whitechapel Gallery,2026-10-04T12:00,spektrix,500,2026-09-03,2026-09-23,,345
spektrix:wiltons:327552AHCGKRKQNPNCTCNQRMCHRHRHRLN,Tim Key: Loganberry Sep26,Wilton's Music Hall,2026-10-02T19:45,spektrix,,2026-03-02,2026-09-23,,
spektrix:wiltons:327553AKHDTNJTGKDRJVNBLCBBJKMLMLD,Tim Key: Loganberry Sep26,Wilton's Music Hall,2026-10-03T19:45,spektrix,,2026-03-02,2026-09-23,,
spektrix:woolwichworks:398601AMPVNLVDSCSQHPHSQTJLGHHLNDG,Hundred Watt Club,Woolwich Works,2026-10-03T20:00,spektrix,,2026-04-14,2026-09-23,,
ticketmaster:16gZkf3Z-ZA5akee,SLB Championship - London Lions v Leicester Riders,Copper Box Arena,2026-10-02T19:30,ticketmaster,,2026-08-21,2026-09-23,,
ticketmaster:17FYv0G62gzc8g-,Nubiyan Twist,Blue Note London,2026-10-02T19:00,ticketmaster,,2026-08-14,2026-09-23,,
ticketmaster:17FYv0G62gzcOgN,Nubiyan Twist,Blue Note London,2026-10-02T21:30,ticketmaster,,2026-08-14,2026-09-23,,
ticketmaster:17GOv0G61USK8su,Trash Boat Â Nothing I Write To You Can Change What YouâVe Been TH,KOKO,2026-10-02T18:00,ticketmaster,,2026-05-29,2026-09-23,,sold out or off sale
ticketmaster:17GOv0G62rO3ONs,Nails,New Cross Inn,2026-10-02T19:00,ticketmaster,,2026-07-23,2026-09-23,,
ticketmaster:17u8v0G629cEIos,Karan Aujla,The O2,2026-10-04T18:30,ticketmaster,,2026-07-31,2026-09-23,,
ticketmaster:17u8v0G65C-2wim,Faulty Towers the Dining Experience,President Hotel,2026-10-03T13:30,ticketmaster,,2026-05-19,2026-09-27,,
ticketmaster:17u8v0G65C-2win,Faulty Towers the Dining Experience,President Hotel,2026-10-02T19:30,ticketmaster,,2026-05-19,2026-09-27,,
ticketmaster:17u8v0G65C-83iM,Faulty Towers the Dining Experience,President Hotel,2026-10-04T13:30,ticketmaster,,2026-05-19,2026-09-27,,
ticketmaster:17u8v0G65C-8eis,Faulty Towers the Dining Experience,President Hotel,2026-10-03T19:30,ticketmaster,,2026-05-19,2026-09-27,,
ticketmaster:17u8v0G65I0Bj-Z,The Book Of Mormon,Prince of Wales Theatre,2026-10-02T14:30,ticketmaster,,2026-05-26,2026-09-23,,
ticketmaster:17u8v0G65IP3j-J,The Book Of Mormon,Prince of Wales Theatre,2026-10-03T14:30,ticketmaster,,2026-05-26,2026-09-23,,
ticketmaster:17u8v0G65IPkj-p,The Book Of Mormon,Prince of Wales Theatre,2026-10-02T19:30,ticketmaster,,2026-05-26,2026-09-23,,
ticketmaster:17u8v0G65IPri-M,The Book Of Mormon,Prince of Wales Theatre,2026-10-03T19:30,ticketmaster,,2026-05-26,2026-09-23,,
ticketmaster:17u8v0G6Cr7i1px,Indianapolis Colts v Washington Commanders,Tottenham Hotspur Stadium,2026-10-04T14:30,ticketmaster,,2026-07-07,2026-09-23,,
ticketmaster:17u8v0G6G9ODC-o,Indianapolis Colts vs. Washington Commanders - Premium Packages,Tottenham Hotspur Stadium,2026-10-04T14:30,ticketmaster,,2026-06-05,2026-09-23,,
ticketmaster:17u8v0G6uMHDnfi,Belle Livingstone's 58th Street Country Club,Belle Livingstone's 58th Street Country Club,2026-10-02T19:00,ticketmaster,,2026-06-29,2026-09-23,,
ticketmaster:17u8v0G6uMWJQjg,Belle Livingstone's 58th Street Country Club,Belle Livingstone's 58th Street Country Club,2026-10-04T13:00,ticketmaster,,2026-06-29,2026-09-23,,
ticketmaster:17u8v0G6uMWVnrO,Belle Livingstone's 58th Street Country Club,Belle Livingstone's 58th Street Country Club,2026-10-04T19:00,ticketmaster,,2026-06-29,2026-09-23,,
ticketmaster:17u8v0G6uMWaB9k,Belle Livingstone's 58th Street Country Club,Belle Livingstone's 58th Street Country Club,2026-10-03T13:00,ticketmaster,,2026-06-29,2026-09-23,,
ticketmaster:17u8v0G6uMWb1Qw,Belle Livingstone's 58th Street Country Club,Belle Livingstone's 58th Street Country Club,2026-10-03T19:00,ticketmaster,,2026-06-29,2026-09-23,,
ticketmaster:17uYv0G62LAXAaD,Martin Guerre,The Old Vic Backstage,2026-10-02T19:30,ticketmaster,,2026-07-23,2026-09-23,,
ticketmaster:17uYv0G62Lk5g1-,Martin Guerre,The Old Vic Backstage,2026-10-03T19:30,ticketmaster,,2026-07-23,2026-09-23,,
ticketmaster:17uYv0G62o7-4TC,David Bowie: You're Not Alone,Lightroom,2026-10-02T12:30,ticketmaster,,2026-07-20,2026-09-23,,
ticketmaster:17uYv0G62o7HUZd,David Bowie: You're Not Alone,Lightroom,2026-10-04T12:30,ticketmaster,,2026-07-20,2026-09-23,,
ticketmaster:17uYv0G62o7RATt,David Bowie: You're Not Alone,Lightroom,2026-10-03T12:30,ticketmaster,,2026-07-20,2026-09-23,,
ticketmaster:17uYv0G65RN1djE,Stranger Things: The First Shadow,Phoenix Arts Club,2026-10-03T13:00,ticketmaster,,2026-05-27,2026-09-27,,
ticketmaster:17uYv0G65RNNdqy,Stranger Things: The First Shadow,Phoenix Arts Club,2026-10-04T15:00,ticketmaster,,2026-05-27,2026-09-27,,
ticketmaster:17uYv0G65RNpNqA,Stranger Things: The First Shadow,Phoenix Arts Club,2026-10-03T19:00,ticketmaster,,2026-05-27,2026-09-27,,
ticketmaster:17uYv0G65RxWKjo,Stranger Things: The First Shadow,Phoenix Arts Club,2026-10-02T19:00,ticketmaster,,2026-05-27,2026-09-27,,
ticketmaster:17uYv0G65RxYShc,Stranger Things: The First Shadow,Phoenix Arts Club,2026-10-02T13:00,ticketmaster,,2026-05-27,2026-09-27,,
ticketmaster:17uYv0G6uhH8jHt,Tom Read Wilson: A-Z Of Me,Bloomsbury Theatre,2026-10-03T19:30,ticketmaster,,2026-06-24,2026-09-23,,
ticketmaster:17uYvxG6CkJFzCu,Tom Davis: Spudgun,London Palladium,2026-10-03T19:30,ticketmaster,,2025-07-04,2026-09-23,,
ticketmaster:1AMZkfkGkdPCxNz,Million Dollar Quartet,The Arts at Marble Arch,2026-10-03T14:30,ticketmaster,,2026-08-07,2026-09-23,,
ticketmaster:1AMZkfkGkdPZxNL,Million Dollar Quartet,The Arts at Marble Arch,2026-10-02T19:30,ticketmaster,,2026-08-07,2026-09-23,,
ticketmaster:1AMZkfkGkdPjw0G,Million Dollar Quartet,The Arts at Marble Arch,2026-10-03T19:30,ticketmaster,,2026-08-07,2026-09-23,,
ticketmaster:1AMZkfkGkdPleJj,Million Dollar Quartet,The Arts at Marble Arch,2026-10-04T15:00,ticketmaster,,2026-08-07,2026-09-23,,
ticketmaster:1AMZkftGkdhZ6ms,Arkells: Between Us Tour,The Dome,2026-10-02T19:00,ticketmaster,,2026-09-09,2026-09-23,,
ticketmaster:1AMZkfxGkeIyVPc,Inala,House of Sisters Grimm,2026-10-02T19:30,ticketmaster,,2026-09-02,2026-09-23,,
ticketmaster:1AMZkfxGket4fEa,Inala,House of Sisters Grimm,2026-10-03T19:30,ticketmaster,,2026-09-02,2026-09-23,,
ticketmaster:1AMZkfxGket60Jm,Inala,House of Sisters Grimm,2026-10-03T16:00,ticketmaster,,2026-09-02,2026-09-23,,
ticketmaster:1AMZkfyGkd7tyqX,The Kit Kat Club Presents: In Conversation with Matt Willis,Playhouse Theatre,2026-10-04T17:00,ticketmaster,,2026-09-25,2026-09-26,,
ticketmaster:1AMZko0Gkd349Nw,The Hunger Games On Stage,Canary Wharf Theatre,2026-10-04T14:30,ticketmaster,,2026-03-09,2026-09-23,,
ticketmaster:1AMZko0Gkd3F9-I,The Hunger Games On Stage,Canary Wharf Theatre,2026-10-03T19:30,ticketmaster,,2026-03-09,2026-09-23,,
ticketmaster:1AMZko0Gkdo-MLo,The Hunger Games On Stage,Canary Wharf Theatre,2026-10-02T14:30,ticketmaster,,2026-03-09,2026-09-23,,
ticketmaster:1AMZko0GkdoDEOH,The Hunger Games On Stage,Canary Wharf Theatre,2026-10-03T14:30,ticketmaster,,2026-03-09,2026-09-23,,
ticketmaster:1AMZko0GkdomEOk,The Hunger Games On Stage,Canary Wharf Theatre,2026-10-02T19:30,ticketmaster,,2026-03-09,2026-09-23,,
ticketmaster:1AMZkuPGkdJnD4G,JOE JACKSON - HOPE AND FURY TOUR 2026,London Palladium,2026-10-04T19:30,ticketmaster,,2025-11-14,2026-09-23,,
ticketmaster:1ANZkf7GkdeHZlf,Mark Kavuma & the Banger Factory,Blue Note London,2026-10-03T19:00,ticketmaster,,2026-08-14,2026-09-23,,
ticketmaster:1ANZkf7GkdeWZlp,Mark Kavuma & the Banger Factory,Blue Note London,2026-10-03T21:30,ticketmaster,,2026-08-14,2026-09-23,,
ticketmaster:1AUZkugGkdb7nV9,Europe - The Final Countdown 40th Anniversary Tour,Eventim Apollo,2026-10-03T18:00,ticketmaster,,2025-11-28,2026-09-23,,
ticketmaster:1AdFZ_8GkSZ38xD,Alex Comaish + Sam Hall + Anna Barrowman + Crispin,The Troubadour,2026-10-02T20:00,ticketmaster,,2026-08-12,2026-09-23,,
ticketmaster:1AdFZ_FGkTpA8JO,Francis of Delirium,The Lower Third,2026-10-02T19:00,ticketmaster,,2026-04-22,2026-09-23,,
ticketmaster:1AdbZbUGkBrepEb,Marillion + Haunt the Woods,Eventim Apollo,2026-10-02T19:00,ticketmaster,,2025-11-20,2026-09-23,,
ticketmaster:1AdfZ_3GkTd-K2f,My Sons a Queer (But What Can You Do?),Apollo Theatre,2026-10-02T20:30,ticketmaster,,2026-09-15,2026-09-23,,
ticketmaster:1AdfZ_3GkTd3NuI,My Sons a Queer (But What Can You Do?),Apollo Theatre,2026-10-02T18:00,ticketmaster,,2026-09-15,2026-09-23,,
ticketmaster:1AdfZ_3GkTdTdoa,My Sons a Queer (But What Can You Do?),Apollo Theatre,2026-10-03T19:30,ticketmaster,,2026-09-15,2026-09-23,,
ticketmaster:1AdfZ_3GkTdYK8a,My Sons a Queer (But What Can You Do?),Apollo Theatre,2026-10-03T14:30,ticketmaster,,2026-09-15,2026-09-23,,
ticketmaster:1AdfZ_6GkXhRP7Q,Shakespeare's Globe - As You Like It,Shakespeare's Globe,2026-10-04T13:00,ticketmaster,,2026-03-31,2026-09-23,,
ticketmaster:1AdfZ_6GkXhW47D,Shakespeare's Globe - As You Like It,Shakespeare's Globe,2026-10-04T18:30,ticketmaster,,2026-03-31,2026-09-23,,
ticketmaster:1AdfZ_6GkXhfVVS,Shakespeare's Globe - As You Like It,Shakespeare's Globe,2026-10-02T14:00,ticketmaster,,2026-03-31,2026-09-23,,
ticketmaster:1AdfZ_6GkXhx7UR,Shakespeare's Globe - As You Like It,Shakespeare's Globe,2026-10-02T19:30,ticketmaster,,2026-03-31,2026-09-23,,
ticketmaster:1AdfZ_8Gkw0XxqR,Saracens V Sale Sharks,StoneX Stadium,2026-10-04T15:00,ticketmaster,,2026-08-12,2026-09-23,,
ticketmaster:1AdjZ_3GkRhTbH8,Sting's the Last Ship,"Theatre Royal, Drury Lane",2026-10-02T19:30,ticketmaster,,2026-09-11,2026-09-23,,
ticketmaster:1AdjZ_3GkRjhzWN,Sting's the Last Ship,"Theatre Royal, Drury Lane",2026-10-03T19:30,ticketmaster,,2026-09-11,2026-09-23,,
ticketmaster:1AdjZ_3GkRjuIHm,Sting's the Last Ship,"Theatre Royal, Drury Lane",2026-10-03T14:30,ticketmaster,,2026-09-11,2026-09-23,,
ticketmaster:1AdjZbMGkRfC_DM,Starsailor,London Palladium,2026-10-02T18:30,ticketmaster,,2025-11-28,2026-09-23,,
ticketmaster:1AdjZbMGkmh5PBo,Simple Plan: Bigger Than You Think! Europe Tour 2026,OVO Arena Wembley,2026-10-03T18:00,ticketmaster,,2025-12-05,2026-09-23,,
ticketmaster:1AeGZ_8GkUhhglx,Baaba Maal,Blue Note London,2026-10-04T19:00,ticketmaster,,2026-08-21,2026-09-23,,
ticketmaster:1AeGZ_8GkUhjAlJ,Baaba Maal,Blue Note London,2026-10-04T21:30,ticketmaster,,2026-08-21,2026-09-23,,
ticketmaster:1AgZk34GkdUcJct,lilyisthatyou: The Flowers Have Feelings Tour,Oslo,2026-10-02T19:00,ticketmaster,,2026-05-01,2026-09-23,,
ticketmaster:1AgZk3eGkdf0kTn,Shakespeare's Globe - Much Ado About Nothing,Shakespeare's Globe,2026-10-03T19:30,ticketmaster,,2026-04-02,2026-09-23,,
ticketmaster:1AgZk3eGkdf9kXS,Shakespeare's Globe - Much Ado About Nothing,Shakespeare's Globe,2026-10-03T14:00,ticketmaster,,2026-04-02,2026-09-23,,
ticketmaster:1AgZkf3Gkde0AAY,Tottenham Hotspur Women v London City Lionesses,Brisbane Road,2026-10-04T12:00,ticketmaster,,2026-08-18,2026-09-23,,
ticketmaster:1AgZkf6GkeEFV5T,Lucy Bedroque,EartH,2026-10-02T18:30,ticketmaster,,2026-08-21,2026-09-23,,
ticketmaster:1AgZkoyGkdKPykL,Niall Horan: Dinner Party Live On Tour,The O2,2026-10-02T18:30,ticketmaster,,2026-04-02,2026-09-23,,
ticketmaster:1AgZkoyGkdVBGdi,Niall Horan: Dinner Party Live On Tour,The O2,2026-10-03T18:30,ticketmaster,,2026-04-02,2026-09-23,,
ticketmaster:1AwZk8gGkecHZNl,Big Cyc,O2 Academy Islington,2026-10-03T19:00,ticketmaster,,2026-01-25,2026-09-23,,
ticketmaster:1AwZkf4GkewC8N4,Lady + the Shooting Gallery ( Acoustic Set ) Eli Carvajal,The Troubadour,2026-10-03T20:00,ticketmaster,,2026-08-21,2026-09-23,,
ticketmaster:1adFZ_kGZFYZdG1v,Unprocessed,Electric Ballroom,2026-10-02T19:00,ticketmaster,,2026-03-06,2026-09-23,,sold out or off sale
ticketmaster:1kuYvNuOGAC4l_Z,Phantom of the Opera,His Majesty's Theatre,2026-10-03T19:30,ticketmaster,,2025-09-22,2026-09-23,,
ticketmaster:1kuYvNuOGACFlbN,Phantom of the Opera,His Majesty's Theatre,2026-10-03T14:30,ticketmaster,,2025-09-22,2026-09-23,,
ticketmaster:1kuYvNuOGAuDlbe,Phantom of the Opera,His Majesty's Theatre,2026-10-02T19:30,ticketmaster,,2025-09-22,2026-09-23,,
ticketmaster:G5dzZ_1URR0eT,Beartooth : Pure Ecstasy World Tour,O2 Academy Brixton,2026-10-03T18:00,ticketmaster,,2026-05-22,2026-09-23,,
ticketmaster:G5dzZ_71Chx0T,The Doors Alive,O2 Academy Islington,2026-10-02T19:00,ticketmaster,,2026-02-06,2026-09-23,,
ticketmaster:G5dzZ_8KcEemF,InPop,O2 Academy Islington,2026-10-02T18:00,ticketmaster,,2026-08-08,2026-09-23,,
ticketmaster:G5dzZ_A1UFPPD,Aries Spears,O2 Forum Kentish Town,2026-10-04T18:00,ticketmaster,,2026-02-27,2026-09-23,,
ticketmaster:G5dzZ_C6kC9kF,Aurela Gace,Troxy,2026-10-04T19:00,ticketmaster,,2026-07-03,2026-09-23,,
ticketmaster:G5dzZ_FnXRVP3,Agnieszka Chylinska,O2 Empire,2026-10-04T18:00,ticketmaster,,2026-04-16,2026-09-23,,
ticketmaster:G5dzZ_G1PLSuj,LuAnna: The BIG Party (Evening),Troxy,2026-10-03T18:30,ticketmaster,,2026-06-02,2026-09-23,,
ticketmaster:G5dzZ_G1qjwz1,Luanna: the Big Party (Matinee),Troxy,2026-10-03T13:00,ticketmaster,,2026-06-02,2026-09-23,,
ticketmaster:G5dzZ_G5RqpzW,JJ,O2 Academy Islington,2026-10-04T19:00,ticketmaster,,2026-06-08,2026-09-23,,
ticketmaster:G5dzZ_aUdFsuQ,The Lemonheads,Troxy,2026-10-02T19:00,ticketmaster,,2026-05-11,2026-09-23,,
ticketmaster:G5dzZ_dQmFKSX,Big Cyc,O2 Academy Islington,2026-10-03T18:30,ticketmaster,,2026-01-25,2026-09-23,,
ticketmaster:G5dzZ_eD0I4GP,Definitely Mightbe (A Tribute to Oasis),O2 Academy Islington,2026-10-03T19:00,ticketmaster,,2026-01-23,2026-09-23,,
ticketmaster:G5dzZ_k24xAkX,Kaizers Orchestra,O2 Empire,2026-10-03T19:00,ticketmaster,,2026-03-13,2026-09-23,,
ticketmaster:G5dzZbUD7Y6Yl,The Beat - Dance Crazed Too UK Tour,O2 Empire,2026-10-02T18:30,ticketmaster,,2025-11-28,2026-09-23,,
ticketmaster:G5dzZbzXfZ3V1,Laurie Wright,O2 Forum Kentish Town,2026-10-02T19:00,ticketmaster,,2025-12-19,2026-09-23,,
ticketmaster:G5dzZbzlN7Amd,Yonaka,O2 Forum Kentish Town,2026-10-03T19:00,ticketmaster,,2026-01-23,2026-09-23,,
ticketmaster:G5vHZ_3GqXyIr,DJ Meredith Marks,Heaven,2026-10-03T18:00,ticketmaster,,2026-09-11,2026-09-23,,
ticketmaster:G5vHZ_3O5zFpZ,Affluenza,Riverside Studios,2026-10-02T19:30,ticketmaster,,2026-09-09,2026-09-23,,
ticketmaster:G5vHZ_3OG-I_N,Affluenza,Riverside Studios,2026-10-04T19:30,ticketmaster,,2026-09-09,2026-09-23,,
ticketmaster:G5vHZ_3OGAz9b,Affluenza,Riverside Studios,2026-10-03T14:30,ticketmaster,,2026-09-09,2026-09-23,,
ticketmaster:G5vHZ_3OGKIbP,Affluenza,Riverside Studios,2026-10-03T19:30,ticketmaster,,2026-09-09,2026-09-23,,
ticketmaster:G5vHZ_8GUA1aT,The Tower of London - Standard All Day Entry,Tower Bridge Exhibition,2026-10-03T10:00,ticketmaster,,2026-08-03,2026-09-23,,
ticketmaster:G5vHZ_8GUK113,The Tower of London - Standard All Day Entry,Tower Bridge Exhibition,2026-10-04T10:00,ticketmaster,,2026-08-03,2026-09-23,,
ticketmaster:G5vHZ_8GgM1ab,The Tower of London - Standard All Day Entry,Tower Bridge Exhibition,2026-10-02T10:00,ticketmaster,,2026-08-03,2026-09-23,,sold out or off sale
ticketmaster:G5vHZ_F0AFUTT,The Small Fortunes,The Garage,2026-10-02T19:00,ticketmaster,,2026-04-24,2026-09-23,,
ticketmaster:G5vHZ_G69qylK,Drink The Sea,Islington Assembly Hall,2026-10-02T19:00,ticketmaster,,2026-06-05,2026-09-23,,
ticketmaster:G5vHZ_aeIkxpP,CAPTAIN FANTASTIC & THE ROCKET MAN BAND,Cadogan Hall,2026-10-02T18:00,ticketmaster,,2026-04-24,2026-09-23,,
ticketmaster:LvZ18Q-gMxOdok8ZzybJB,Virus - Face 2 Face,The Steelyard,2026-10-03T15:00,ticketmaster,,2026-06-01,2026-09-23,,
ticketmaster:LvZ18Q020S7dFoXAGamqk,Skeler: NIGHTFALL,Hootananny,2026-10-02T23:00,ticketmaster,,2026-07-10,2026-09-23,,
ticketmaster:LvZ18Q0_HTMxgR16xeOUL,Soul City: House music every Saturday,The Jazz Cafe,2026-10-03T22:30,ticketmaster,,2026-07-02,2026-09-23,,
ticketmaster:LvZ18Q2qNpmqiUOZ0aJrP,SATURDAY NIGHT COMEDY - UP THE CREEK,Up the Creek,2026-10-03T18:00,ticketmaster,,2025-10-21,2026-09-23,,
ticketmaster:LvZ18Q2qQxctArYZlsJgu,THE FRIDAY NIGHT SHOW!,Up the Creek,2026-10-02T18:00,ticketmaster,,2025-10-21,2026-09-23,,
ticketmaster:LvZ18Q3xZwtk288Z0gBjJ,Mary Coughlan,Union Chapel,2026-10-02T19:00,ticketmaster,,2025-11-27,2026-09-23,,
ticketmaster:LvZ18Q8F86kpltZZlZ2rD,Liqueur,New Cross Inn,2026-10-03T18:00,ticketmaster,,2025-10-29,2026-09-23,,
ticketmaster:LvZ18Q8eIIJ7fAYZlsx2I,The Real Thing | British Soul Giants,Landing Canary Wharf,2026-10-02T21:00,ticketmaster,,2025-10-28,2026-09-23,,
ticketmaster:LvZ18Q9a6bX6lDOZyXe3y,SLOPE SAME KIDS. JUST LOUDER. - TOUR 2026,The Underworld,2026-10-03T18:00,ticketmaster,,2026-01-22,2026-09-23,,
ticketmaster:LvZ18Q9qNewVCFZZlMTEL,Funky Dory Soul Brunch,O2 Academy Islington,2026-10-03T12:00,ticketmaster,,2025-12-23,2026-09-23,,
ticketmaster:LvZ18QE9bA0t1jNHfsVpV,The Saxz Experience,O2 Academy Islington,2026-10-02T22:00,ticketmaster,,2026-08-07,2026-09-23,,
ticketmaster:LvZ18QEGKWa3LNKCy7yfn,DJ Nights: Mi-Soul Radio Fridays,Landing Canary Wharf,2026-10-02T19:00,ticketmaster,,2026-08-05,2026-09-23,,
ticketmaster:LvZ18QEWeOK2Xhk9Y3law,soulcity,The Jazz Cafe,2026-10-03T22:30,ticketmaster,,2026-08-14,2026-09-23,,
ticketmaster:LvZ18QEefVb89HCf1YEqL,Saturday Soul Lunch | The Big Easy,Landing Canary Wharf,2026-10-03T13:00,ticketmaster,,2026-08-03,2026-09-23,,
ticketmaster:LvZ18QI-lBeVVwZdQtCXm,Queen Budapest - The Concert Film Experience (Evening),Roundhouse,2026-10-03T19:00,ticketmaster,,2026-08-21,2026-09-23,,
ticketmaster:LvZ18QIYXzi1kavDSmBWW,A Night At Up The Creek with Rich Hall,Up the Creek,2026-10-04T18:30,ticketmaster,,2026-08-24,2026-09-23,,
ticketmaster:LvZ18QIhPoOnzMQF7ApXe,WE Pink: Prison,Electric Brixton,2026-10-03T23:00,ticketmaster,,2026-08-20,2026-09-23,,
ticketmaster:LvZ18QIxeOvYbpD5OC2EK,Global Soul Vinyl Takeover,O2 Academy Islington,2026-10-04T12:00,ticketmaster,,2026-08-21,2026-09-23,,
ticketmaster:LvZ18QIztl_4aZOuQs53D,Sean Payne Quartet,Vortex Jazz Club,2026-10-02T19:45,ticketmaster,,2026-08-25,2026-09-23,,
ticketmaster:LvZ18QJEWDofYbRSOPC8u,The Saxz Experience,O2 Academy Islington,2026-10-02T22:00,ticketmaster,,2026-07-29,2026-09-23,,
ticketmaster:LvZ18QJFEuuzc8iLvEfkg,The Best of Bridgerton by Mystery Ensemble,Kensington United Reformed Church,2026-10-03T18:30,ticketmaster,,2026-07-23,2026-09-23,,
ticketmaster:LvZ18QJFPOgCvvolygASv,Tribute to Ludovico Einaudi 2.0 by Mystery Ensemble,Kensington United Reformed Church,2026-10-02T19:30,ticketmaster,,2026-07-23,2026-09-23,,
ticketmaster:LvZ18QJI-3dI8PtqlpE3D,Tomorrow's Warriors presents I AM WARRIOR,The Jazz Cafe,2026-10-02T18:30,ticketmaster,,2026-07-29,2026-09-23,,
ticketmaster:LvZ18QJVn2pJbk6eEF5GS,Julian Siegel Quartet,Vortex Jazz Club,2026-10-03T19:45,ticketmaster,,2026-07-31,2026-09-23,,
ticketmaster:LvZ18QJe9yk00-RLN35OD,Gilmário Vemba: 3º Round,Comedy Store,2026-10-04T16:00,ticketmaster,,2026-07-22,2026-09-23,,
ticketmaster:LvZ18QKZ-g8UHqZvezI1w,Carminho,Union Chapel,2026-10-04T18:30,ticketmaster,,2025-12-03,2026-09-23,,
ticketmaster:LvZ18QN8ejj_yAOvOkD01,Live Band Karaoke,Up the Creek,2026-10-03T22:00,ticketmaster,,2026-06-18,2026-09-23,,
ticketmaster:LvZ18QNQAOqzSoOvkZcWK,LIGHT ASYLUM (US) Plus Special Guests,The Lexington,2026-10-02T19:00,ticketmaster,,2026-06-20,2026-09-23,,
ticketmaster:LvZ18QNt_MU0WFZvG4EAd,MARIPOOL,The Shacklewell Arms,2026-10-04T19:00,ticketmaster,,2026-06-23,2026-09-23,,
ticketmaster:LvZ18QO9fqESMeOvGMYRz,The Comedy Store Players - Sunday 4th October,Comedy Store,2026-10-04T19:30,ticketmaster,,2026-05-14,2026-09-23,,
ticketmaster:LvZ18QOE1sNa1s8Z0_Kwe,The Best in Stand Up - Saturday 3rd October - 6.30pm,Comedy Store,2026-10-03T18:30,ticketmaster,,2026-05-17,2026-09-23,,
ticketmaster:LvZ18QOE3nb5lQOvGxM7c,The Best in Stand Up - Saturday 3rd October - 9.30pm,Comedy Store,2026-10-03T21:30,ticketmaster,,2026-05-17,2026-09-23,,
ticketmaster:LvZ18QOJTRHY0VYZ0Pggu,The Best in Stand Up - Friday 2nd October,Comedy Store,2026-10-02T19:30,ticketmaster,,2026-05-17,2026-09-23,,
ticketmaster:LvZ18QP3KHNRATPKlhPrg,Bag Raiders (DJ),The Jazz Cafe,2026-10-02T22:30,ticketmaster,,2026-08-07,2026-09-23,,
ticketmaster:LvZ18QPWzfXbXSCoTzLO8,PURE Garage at Leake Street Tunnels,26 Leake Street,2026-10-03T14:00,ticketmaster,,2026-07-31,2026-09-23,,
ticketmaster:LvZ18QP_ZzXF95lpiNUbY,Friday Comedy Club London | Covent Garden,The Top Secret Comedy Club,2026-10-02T20:30,ticketmaster,,2026-07-14,2026-09-23,,
ticketmaster:LvZ18QP_vrsVcqOHndtao,Saturday Comedy Club London | Covent Garden,The Top Secret Comedy Club,2026-10-03T20:30,ticketmaster,,2026-07-20,2026-09-23,,
ticketmaster:LvZ18QPtD7uhpkrBN2cjs,Soul Sessions: The Neo Soul Experience,O2 Academy Islington,2026-10-03T18:30,ticketmaster,,2026-01-20,2026-09-23,,
ticketmaster:LvZ18QbHVaVmlNYZvOMU9,"International Stand Up Comedy, Covent Garden",The Top Secret Comedy Club,2026-10-02T20:30,ticketmaster,,2025-06-02,2026-09-23,,
ticketmaster:LvZ18QbHVaVmlNYZvOMUb,"International Stand Up Comedy, Covent Garden",The Top Secret Comedy Club,2026-10-03T20:30,ticketmaster,,2025-06-02,2026-09-23,,
ticketmaster:LvZ18Qbd2SiMWR8ZlPxQe,SWIM DEEP,MOTH Club,2026-10-02T19:00,ticketmaster,,2026-02-11,2026-09-23,,
ticketmaster:LvZ18Qbd8TUlTAZZlMOPy,SWIM DEEP,MOTH Club,2026-10-03T19:00,ticketmaster,,2026-02-11,2026-09-23,,
ticketmaster:LvZ18QhOfEcQzPOZPFkKv,PLAIINS,The Grace,2026-10-02T19:00,ticketmaster,,2026-03-16,2026-09-23,,
ticketmaster:LvZ18QhkEZahvTOZig_Nu,Shadow Of Intent,Electric Brixton,2026-10-03T17:30,ticketmaster,,2026-03-18,2026-09-23,,
ticketmaster:LvZ18QjhnVdVhYYZ0IovN,The Slackers,The Underworld,2026-10-04T18:00,ticketmaster,,2026-04-03,2026-09-23,,
ticketmaster:LvZ18QlB2z2zARXHH6ROk,A Night of Sade with Yemi Bolatiwa,O2 Academy Islington,2026-10-02T18:30,ticketmaster,,2026-04-23,2026-10-02,,
ticketmaster:LvZ18QlYZbiue5s2Znk0F,COLOMBIA VS PARAGUAY - FUTBOL Y FIESTA,Prince Of Wales,2026-10-02T21:00,ticketmaster,,2026-09-29,2026-09-30,,
ticketmaster:LvZ18QlYdYXHG0ZTVtAig,DAY VIBES IN BRIXTON (FREE B4 8PM WITH A TICKET),O2 Academy Brixton,2026-10-03T15:00,ticketmaster,,2026-09-29,2026-09-30,,
ticketmaster:LvZ18QlYen_c7r_xZ5xVC,VIBES AFTER DARK - LIBRA EDITION (£1 B4 11PM WITH A TICKET),Electric Brixton,2026-10-03T22:00,ticketmaster,,2026-09-29,2026-09-30,,
ticketmaster:LvZ18Qlc321JHICmPOiKQ,Nothing But Love. (After Party),The Jazz Cafe,2026-10-03T22:30,ticketmaster,,2026-09-29,2026-09-29,,
ticketmaster:LvZ18QnRgj7Xr_9LEN4sb,ALEX COMAISH + SAM HALL + ANNA BARROWMAN + CRISPIN,The Troubadour,2026-10-02T19:30,ticketmaster,,2026-09-17,2026-09-26,,
ticketmaster:LvZ18QnRy1-L2z06Gn_Fk,LADY + THE. SHOOTING GALLERY+ ELI CARVAJAL + HARRY NYE + Z.W BLOSSOM,The Troubadour,2026-10-03T19:30,ticketmaster,,2026-09-17,2026-09-26,,
ticketmaster:LvZ18QnRzIzUg_-1wInSG,"Live Jazz from the Piano Bar at Red Room Studios, Soho",She Soho,2026-10-02T18:30,ticketmaster,,2026-04-14,2026-09-24,,
ticketmaster:LvZ18QnRzIzUg_-1wInSu,"Live Jazz from the Piano Bar at Red Room Studios, Soho",She Soho,2026-10-02T20:30,ticketmaster,,2026-04-14,2026-09-24,,
ticketmaster:LvZ18Qnke7qCWG5-Sk_Av,Nothing But Love - Launch Party,The Jazz Cafe,2026-10-03T18:00,ticketmaster,,2026-09-10,2026-09-23,,
ticketmaster:LvZ18Qnn7wmg6LjrDWorK,London Jazz Orchestra Vortex Sessions: Featuring Mick Foster,Vortex Jazz Club,2026-10-04T15:30,ticketmaster,,2026-09-16,2026-09-23,,
ticketmaster:LvZ18QnnQXJNmroRbTnKw,In Her Words with Ines Rae,London Barfly,2026-10-02T18:30,ticketmaster,,2026-09-16,2026-09-24,,
ticketmaster:LvZ18Qrd55HK2M8Z0Vy0T,Apparat,Hackney Gallery,2026-10-03T19:00,ticketmaster,,2026-04-24,2026-09-23,,
ticketmaster:LvZ18Qrt-RPA2gZv1mznx,A Night of Sade with Yemi Bolatiwa,O2 Academy Islington,2026-10-02T18:30,ticketmaster,,2026-04-23,2026-09-23,,
ticketmaster:LvZ18Qt-7HOIW0mvjRPw9,Sunday Soul Sessions,Landing Canary Wharf,2026-10-04T12:30,ticketmaster,,2026-09-02,2026-09-23,,
ticketmaster:LvZ18Qt-ZUzASf0GRRP26,The Saturday Brunch Club,Landing Canary Wharf,2026-10-03T12:30,ticketmaster,,2026-09-02,2026-09-23,,
ticketmaster:LvZ18QtPDevHdfaYB_246,Alfies Soho - Live Jazz and Blues,She Soho,2026-10-03T18:00,ticketmaster,,2026-04-14,2026-09-23,,
ticketmaster:LvZ18QtPDevHdfaYB_24F,Alfies Soho - Live Jazz and Blues,She Soho,2026-10-03T20:00,ticketmaster,,2026-04-14,2026-09-23,,
ticketmaster:LvZ18QtlcHThZOXqhtwDe,DJ Nights: The Caribbean One Love Dinner & After-Party with Saxon Sound,Landing Canary Wharf,2026-10-03T20:00,ticketmaster,,2026-09-04,2026-09-23,,
ticketmaster:LvZ18QtoBjMtPIlW1Ujh-,Vortex Jam Session - September & October,Vortex Jazz Club,2026-10-04T19:45,ticketmaster,,2026-08-30,2026-09-23,,
ticketmaster:LvZ18QxnKFtf4FYZ0-S5K,Day Fever - London,The Traitors Live Experience,2026-10-03T15:00,ticketmaster,,2026-06-11,2026-09-23,,
ticketmaster:LvZ18QxvjGNYO7YvOssR3,The Real Thing | British Soul Giants,Landing Canary Wharf,2026-10-02T21:00,ticketmaster,,2026-06-03,2026-09-23,,
ticketmaster:Z4qgVMyxjZBYPHcBlIZdd77,Chelsea Women,London Stadium,2026-10-04T14:00,ticketmaster,,2026-05-22,2026-09-23,,
ticketmaster:ZKr9uZKbZL4ZeoOpjZek2,Disney's Hercules,"Theatre Royal, Drury Lane",2026-10-03T14:30,ticketmaster,,2025-01-01,2026-09-23,,sold out or off sale
ticketmaster:ZKr9uZKbZL4ZeoOpjZek8,Disney's Hercules,"Theatre Royal, Drury Lane",2026-10-03T19:30,ticketmaster,,2025-01-01,2026-09-23,,sold out or off sale
ticketmaster:ZKr9uZKbZL4ZeoOpjZekC,Disney's Hercules,"Theatre Royal, Drury Lane",2026-10-02T19:30,ticketmaster,,2025-01-01,2026-09-23,,sold out or off sale
ticketmaster:ZhqgVMyxjZBYPsnXyVSVMmnSyZ6kd,Leyton Orient v Plymouth Argyle,Brisbane Road,2026-10-03T15:00,ticketmaster,,2026-03-12,2026-09-23,,
ticketmaster:Zor9uZKbZL4ZefAN5Z2,The Standard of Living,Theatre Royal Haymarket,2026-10-03T14:30,ticketmaster,,2025-01-01,2026-09-23,,
ticketmaster:Zor9uZKbZL4ZefAN5Z8,The Standard of Living,Theatre Royal Haymarket,2026-10-03T19:30,ticketmaster,,2025-01-01,2026-09-23,,
ticketmaster:Zor9uZKbZL4ZefAN5ZC,The Standard of Living,Theatre Royal Haymarket,2026-10-02T19:30,ticketmaster,,2025-01-01,2026-09-23,,sold out or off sale
ticketmaster:Zor9uZKbZL4ZefF3fZ6,Franz & Marie,Charing Cross Theatre,2026-10-02T19:30,ticketmaster,,2025-01-01,2026-09-23,,
ticketmaster:Zor9uZKbZL4ZefF3fZF,Franz & Marie,Charing Cross Theatre,2026-10-03T15:00,ticketmaster,,2025-01-01,2026-09-23,,
ticketmaster:Zor9uZKbZL4ZefF3fZa,Franz & Marie,Charing Cross Theatre,2026-10-03T19:30,ticketmaster,,2025-01-01,2026-09-23,,
ticketmaster:Zor9uZKbZL4ZefkovZC,Hay Fever,Wyndham's,2026-10-03T19:30,ticketmaster,,2025-01-01,2026-09-23,,sold out or off sale
ticketmaster:Zor9uZKbZL4ZefkovZG,Hay Fever,Wyndham's,2026-10-02T19:30,ticketmaster,,2025-01-01,2026-09-23,,sold out or off sale
ticketmaster:Zor9uZKbZL4ZefkovZu,Hay Fever,Wyndham's,2026-10-03T14:30,ticketmaster,,2025-01-01,2026-09-23,,sold out or off sale
tribe:dalstonsuperstore.com:37737,Cruise Control,Dalston Superstore,2026-10-02T22:00,tribe,,,2026-09-23,,
tribe:dalstonsuperstore.com:37739,AQUA! PURE POP PARTY,Dalston Superstore,2026-10-03T22:00,tribe,,,2026-09-23,,
tribe:dalstonsuperstore.com:37745,KHOLE SUNDAYS! KARAOKE PARTY,Dalston Superstore,2026-10-04T20:00,tribe,,,2026-09-23,,
tribe:dalstonsuperstore.com:37770,Drag Brunch at Dalston Superstore with Pina Busch & Lala Dangereuse,Dalston Superstore,2026-10-03T12:00,tribe,,,2026-09-23,,
tribe:dalstonsuperstore.com:37772,Drag Brunch with Loren Dell’Arco + Perle Rare,Dalston Superstore,2026-10-04T12:00,tribe,,,2026-09-23,,
tribe:www.towertheatre.org.uk:218911,A Mirror,Tower Theatre,2026-10-02T19:30,tribe,,,2026-09-23,,
tribe:www.towertheatre.org.uk:218918,A Mirror,Tower Theatre,2026-10-03T15:00,tribe,,,2026-09-23,,
tribe:www.towertheatre.org.uk:218925,A Mirror,Tower Theatre,2026-10-03T19:30,tribe,,,2026-09-23,,
dice:2wao2p,The Courtauldian Issue 36 Launch Party,The Lexington,2026-10-05T19:30,dice,,,2026-09-23,,
dice:xey3ma,PATTERNS Weekly Live Jazz,Night Tales Loft,2026-10-07T18:00,dice,,,2026-09-23,,
jsonld:bowarts.org:2026-10-07T18:30:yoga-sessions-at-the-rum-factory,Yoga Sessions at the Rum Factory,Nunnery Gallery,2026-10-07T18:30,jsonld,,2026-08-21,2026-09-23,,available
jsonld:chatspalace.com:2026-10-07T19:00:1000-rabbits-present-rabbitf-te,1000 Rabbits present RABBITFÊTE,Chats Palace,2026-10-07T19:00,jsonld,,2026-10-07,2026-09-23,,available
jsonld:www.conwayhall.org.uk:2026-10-07T19:30:an-evening-with-katherine-rundell,An Evening with Katherine Rundell,Conway Hall,2026-10-07T19:30,jsonld,,,2026-09-23,,
jsonld:www.firepit.art:2026-10-07T18:00:move-to-thrive-mindful-movement-joyful-dance,Move to Thrive: Mindful Movement & Joyful Dance,Firepit Art Gallery,2026-10-07T18:00,jsonld,,2026-10-05,2026-09-23,,available
jsonld:www.museumofcomedy.com:2026-10-05T19:00:the-monday-club,The Monday Club,Museum of Comedy,2026-10-05T19:00,jsonld,,,2026-09-23,,available
jsonld:www.museumofcomedy.com:2026-10-06T19:00:fingers-on-buzzers,Fingers on Buzzers,Museum of Comedy,2026-10-06T19:00,jsonld,,,2026-09-23,,available
jsonld:www.museumofcomedy.com:2026-10-07T20:30:rachel-parris-tour-preview,Rachel Parris: Tour Preview,Museum of Comedy,2026-10-07T20:30,jsonld,,,2026-09-23,,available
jsonld:www.nationaltrust.org.uk:2026-10-07:social-walk-on-hampstead-heath,Social Walk on Hampstead Heath,Fenton House,2026-10-07,jsonld,,,2026-09-23,,
jsonld:www.theo2.co.uk:2026-10-06T18:30:the-strokes,The Strokes,The O2,2026-10-06,jsonld,,2026-04-17,2026-09-28,,
spektrix:alexandrapalace:983001AGDLJSHRJSMCGDKNHHPMGTLCSTT,Ally Pally x Shinny – Pay and Play Scrim,Alexandra Palace,2026-10-07T22:45,spektrix,40,2026-03-19,2026-09-23,,29
spektrix:arcolatheatre:391995AVLRDVPRSLCHGQNGSDPKPSSQLBN,The Turn of the Screw,Arcola Theatre,2026-10-05T19:30,spektrix,158,2026-02-17,2026-09-23,,3
spektrix:arcolatheatre:391996AJTRTSRSMDNCSVDKPCPQVGDGTQH,The Turn of the Screw,Arcola Theatre,2026-10-06T19:30,spektrix,158,2026-02-17,2026-09-23,2026-09-24,0
spektrix:arcolatheatre:391997AMJDTQHHTCSCGSMHJBRKGQRRGLS,The Turn of the Screw,Arcola Theatre,2026-10-07T19:30,spektrix,158,2026-02-17,2026-09-23,2026-09-23,0
spektrix:barbicancentre:3629601ALNNLBDDNNBMHSLCGVPHCNJBGS,Critical Affection Trilogy by Michelle Williams Gamaker (15),Barbican Arts Centre,2026-10-07T18:20,spektrix,,2026-07-23,2026-09-23,,
spektrix:barbicancentre:3705003ACLPTVNBQQJQKDBPGSMJJPJHLJ,Barbican Ghost Tour,Barbican Arts Centre,2026-10-07T18:00,spektrix,15,2026-09-17,2026-09-23,2026-10-05,0
spektrix:barbicancentre:3705404ACPJBVKGBNBMSRPMJBKHNSHLLK,Barbican Ghost Tour,Barbican Arts Centre,2026-10-07T20:00,spektrix,15,2026-09-17,2026-09-23,2026-10-01,0
spektrix:barbicancentre:3748601ARTVQDKKLRTRSPTVCSTDTRCMBD,Parent & Baby Screening: Sense and Sensibility (U),Barbican Arts Centre,2026-10-05T11:15,spektrix,156,2026-09-21,2026-09-23,,28
spektrix:barbicancentre:3761402AGKHJNNVSJDLQCKDGDBJMRKRHT,Tony (15) (AD),Barbican Arts Centre,2026-10-06T18:10,spektrix,156,2026-08-10,2026-10-05,,121
spektrix:bloomsburytheatre:554314ASHCJHSMTMHGKTPGVRKPTGGPMPP,Listen: Aphasia New Music Group,Bloomsbury Theatre,2026-10-07T18:30,spektrix,,2026-06-29,2026-09-23,,
spektrix:bloomsburytheatre:554514AVJDTDQMJTBTDJDRHJNGDMJGLNK,**Ticket Protection**,Bloomsbury Theatre,2026-10-07T18:30,spektrix,545,2025-11-03,2026-09-23,,543
spektrix:bloomsburytheatre:557314ALMTQNSLMGLNLLMJKVKJPCPSPRT,Time Moves,Bloomsbury Theatre,2026-10-05T19:00,spektrix,57,,2026-09-23,,40
spektrix:bloomsburytheatre:557315ABRLKQSCNHQTJTDQNVVDPMVHRRG,Time Moves,Bloomsbury Theatre,2026-10-06T19:00,spektrix,57,,2026-09-23,,41
spektrix:bloomsburytheatre:557514ACQMLTLDQMRRCGKPRNCDPTJRHPQ,**Ticket Protection**,Bloomsbury Theatre,2026-10-05T19:00,spektrix,70,2025-11-03,2026-09-23,,70
spektrix:bloomsburytheatre:557515AQCCDQKPBMNSSCBPRHTHSGMNKCP,**Ticket Protection**,Bloomsbury Theatre,2026-10-06T19:00,spektrix,70,2025-11-03,2026-09-23,,70
spektrix:bloomsburytheatre:561314AJVGQPNDPQSTPKNSHGDHVNKNLNM,Arthro Nights,Bloomsbury Theatre,2026-10-06T19:00,spektrix,39,2026-08-13,2026-09-23,2026-09-23,0
spektrix:bushtheatre:304532AJGDHTSQTRLHKTJCVMKBSVQJBCQ,The Hungry Ghost,Bush Theatre,2026-10-05T19:00,spektrix,60,2026-06-12,2026-09-23,2026-09-23,0
spektrix:bushtheatre:304533ACJTCGJTGVHRHMHPKTGKNJKGNPB,The Hungry Ghost,Bush Theatre,2026-10-06T20:00,spektrix,60,2026-06-12,2026-09-23,2026-09-23,0
spektrix:bushtheatre:304534ATGMBHBMCJRDVBRQPMJMMKBSGPM,The Hungry Ghost,Bush Theatre,2026-10-07T20:00,spektrix,60,2026-06-12,2026-09-23,2026-09-25,0
spektrix:bushtheatre:304732ACQBPHBGJQQKKHKDPMHKJLHRQVL,The Hungry Ghost,Bush Theatre,2026-10-07T15:00,spektrix,60,2026-06-12,2026-09-23,,2
spektrix:bushtheatre:307749AGNDDMBMHJMLMPVPJGQJDMNTDVM,Darkling,Bush Theatre,2026-10-05T19:30,spektrix,,2026-06-12,2026-09-23,,
spektrix:bushtheatre:307750ARNNGLLJDTPJTMNQBJSSHMKCKMD,Darkling,Bush Theatre,2026-10-06T19:30,spektrix,,2026-06-12,2026-09-23,,
spektrix:bushtheatre:307751ARLPHPLPQMJDJCDTJNMJKTVJLGM,Darkling,Bush Theatre,2026-10-07T19:30,spektrix,,2026-06-12,2026-09-23,,
spektrix:bushtheatre:307938AKGGQGBGKKJPBTMJRBPLKDMTRNJ,Darkling,Bush Theatre,2026-10-07T14:30,spektrix,,2026-06-12,2026-09-23,,
spektrix:cadoganhall:1344835AJKDNGSCGDDRMSLHNKLGNHGDBR,Choral at Cadogan 26-27: The Tallis Scholars Rachmaninov Vespers + Pärt,Cadogan Hall,2026-10-07T19:30,spektrix,,2026-07-15,2026-09-23,,
spektrix:cadoganhall:1348034ALBKDNPBTMHTGQKKRLJNHKBSJB,Concert programme (Choral),Cadogan Hall,2026-10-07T19:30,spektrix,2000,2017-07-25,2026-09-23,,1930
spektrix:ica:1905401AKVDPPTPMMCHQBKDRGSQQDPDSM,LolaFF: A Bright Future,Institute of Contemporary Arts,2026-10-06T12:00,spektrix,45,2026-08-17,2026-09-23,,25
spektrix:ica:1905601AQQQRVNVLDRSCTRMRHPVLMCHRV,LoLaFF: Cartas a mis padres muertos,Institute of Contemporary Arts,2026-10-06T14:00,spektrix,45,2026-08-17,2026-09-23,,14
spektrix:ica:1905801ATHSDVSTGBPTNKLGMBNTVJJRMD,LolaFF: Memories of Underdevelopment,Institute of Contemporary Arts,2026-10-06T16:00,spektrix,186,2026-08-17,2026-09-23,,136
spektrix:ica:1921201AMSKTRHCPSJBLTQSKVHQCNLKJL,LFF: Supporting Role,Institute of Contemporary Arts,2026-10-07T17:30,spektrix,186,,2026-09-23,2026-09-23,0
spektrix:ica:1921401ANHJGBCRRTPGCTJVRCGQMJBPSP,LFF: LALI,Institute of Contemporary Arts,2026-10-07T20:35,spektrix,186,2026-09-01,2026-09-23,2026-09-23,0
spektrix:ica:1956001AKMCMKBLJMBSDDMTJPBQQMLGMT,Off-Circuit: UK PREMIERE The Day She Returns,Institute of Contemporary Arts,2026-10-06T12:10,spektrix,186,2026-06-14,2026-09-28,,179
spektrix:ica:1956401AKPSDMGKBSKTSMCBVVHRMCQSJC,Late Fame,Institute of Contemporary Arts,2026-10-07T14:15,spektrix,45,2026-08-12,2026-10-02,,44
spektrix:ica:1958201AHBTTRLBTHMRJHBHMSHGMQLPNV,Off-Circuit: UK PREMIERE Pin de Fartie,Institute of Contemporary Arts,2026-10-07T12:15,spektrix,45,2026-06-14,2026-09-28,,45
spektrix:ica:1959201AKKDBTKCJMJSBVMLMSCDDDQHLB,Everybody Digs Bill Evans,Institute of Contemporary Arts,2026-10-07T12:15,spektrix,186,2026-08-10,2026-10-02,,183
spektrix:littleangeltheatre:545306APCTRCJCPKNJKDTCCNKVHMVHKRK,The Pied Piper: A Rat's Tale,Little Angel Theatre,2026-10-07T10:30,spektrix,96,2026-06-28,2026-09-23,2026-09-28,0
spektrix:littleangeltheatre:545307ADGTLLGGGDHMBSGJPNQMJSMBRRV,The Pied Piper: A Rat's Tale,Little Angel Theatre,2026-10-07T13:00,spektrix,96,2026-06-28,2026-09-23,,65
spektrix:littleangeltheatre:545697APVRNTVVQQNKTKCCRQLDRNGJPHS,The Pied Piper: A Rat's Tale,Little Angel Theatre,2026-10-07T16:45,spektrix,76,2026-06-28,2026-09-23,,42
spektrix:royalacademyofmusic:130202AJHMCNDJGKPQHKHHKTLKJNHNBHR,Organ Recital,Royal Academy of Music Museum,2026-10-05T18:30,spektrix,,2026-07-13,2026-09-23,,
spektrix:royalacademyofmusic:132001ARHNMVSVKDJKMJVTHCPDQNKNRQM,Morfydd Llwyn Owen Songs,Royal Academy of Music Museum,2026-10-06T13:00,spektrix,96,2026-07-13,2026-09-23,2026-09-23,0
spektrix:royalcollegeofmusic:654209ANQTPGRDRSTRHGRMVHJGNKRJKRR,RCM Insights: Women in Folk,Royal College of Music Museum,2026-10-07T17:15,spektrix,40,2026-08-05,2026-09-23,,20
spektrix:royalcollegeofmusic:655810AGTBJMRDSLCDSKBQDNTQVVMMPNG,Chamber Tuesdays,Royal College of Music Museum,2026-10-06T13:05,spektrix,50,2026-08-05,2026-09-23,2026-09-23,1
spektrix:royalcollegeofmusic:659609ARSKDBSPGQBTBBQLSDGDSBDBMKV,Electric Dreams: Spatial Sounds,Royal College of Music Museum,2026-10-07T18:00,spektrix,,2026-08-05,2026-09-23,,
spektrix:royalcourt:329767ARVSRGLBPBBKGRHBTRKJCQTJNPP,Supercool test event,Royal Court Theatre,2026-10-05T19:30,spektrix,100,2025-09-26,2026-09-23,,52
spektrix:royalcourt:329768AMSDSSPHSJQNCNPLRBCMHTMTSRN,Supercool test event,Royal Court Theatre,2026-10-06T19:30,spektrix,100,2025-09-26,2026-09-23,2026-09-23,0
spektrix:royalcourt:329769AHDPGRMSKDHDBQHBSRKSTHJKGBV,Supercool test event,Royal Court Theatre,2026-10-07T19:30,spektrix,100,2025-09-26,2026-09-23,2026-09-23,0
spektrix:royalcourt:345177ARLDCVHKDQKBMHVPQMPNLCMJMPR,Man to Man,Royal Court Theatre,2026-10-06T19:30,spektrix,,2025-11-04,2026-09-23,,
spektrix:royalcourt:345178ARBGGGCKBJLCQPSCRKNLLPDGDPQ,Man to Man,Royal Court Theatre,2026-10-07T19:30,spektrix,,2025-11-04,2026-09-23,,
spektrix:royalcourt:346570ALRLJRMSRVHCQVHBBMTLHQJJRMH,Man to Man,Royal Court Theatre,2026-10-05T19:30,spektrix,,2026-10-05,2026-09-23,,
spektrix:royalcourt:347167AQSQKSHMSTBSSPLNMJQRJJCCJMG,Blood of my Blood,Royal Court Theatre,2026-10-05T19:45,spektrix,200,2026-10-05,2026-09-23,2026-09-25,0
spektrix:royalcourt:347367AMKNPRNCHGKVLSRGRDSQTBKBBJS,Blood of my Blood,Royal Court Theatre,2026-10-06T19:45,spektrix,200,2025-11-04,2026-09-23,2026-09-23,0
spektrix:royalcourt:347567AQGDSHHTQBJSSCTLQHRHRCMRDCN,Blood of my Blood,Royal Court Theatre,2026-10-07T19:00,spektrix,200,2026-10-07,2026-09-23,2026-09-23,0
spektrix:royalcourt:386167ABRLTJKJHPVMGQHQKQQHKCBDSHN,First Words,Royal Court Theatre,2026-10-06T13:00,spektrix,15,2026-09-25,2026-09-23,2026-09-23,5
spektrix:royalcourt:388567AGNDSBLBBRRHBSDHMJMMJTPGDGP,The Court's Quiz!,Royal Court Theatre,2026-10-05T20:00,spektrix,10,2026-09-29,2026-09-30,,4
spektrix:sohotheatre:1516403ABKHRLRJTSBRVHVVSKBDJMMPRM,Ahir Shah: Golden,Soho Theatre,2026-10-05T19:15,spektrix,159,2026-03-02,2026-09-23,,65
spektrix:sohotheatre:1516404ATBPGHPKTMRCGRHBQQHQJPHGGH,Ahir Shah: Golden,Soho Theatre,2026-10-06T19:15,spektrix,159,2026-03-02,2026-09-23,,58
spektrix:sohotheatre:1516405AHQVBNDCTRHLHTBGBVNLJQTDRT,Ahir Shah: Golden,Soho Theatre,2026-10-07T19:15,spektrix,159,2026-03-02,2026-09-23,,77
spektrix:sohotheatre:1533203ABRTBNBHJDGRJLMHGDLCBBJSVJ,Ruby Wax: Absolutely Famous,Soho Theatre,2026-10-06T19:30,spektrix,,2026-04-08,2026-09-23,,
spektrix:sohotheatre:1533204ACDSDNLHSLHQPPVQKRLKBKSRCB,Ruby Wax: Absolutely Famous,Soho Theatre,2026-10-07T19:30,spektrix,,2026-04-08,2026-09-23,,
spektrix:sohotheatre:1539003AQMQGHGQPCMSPSPJCNBHNGJCQK,Write Night,Soho Theatre,2026-10-07T19:00,spektrix,25,2026-04-17,2026-09-23,,11
spektrix:sohotheatre:1553203ARLNKGHHQMNLHJNQKGRKLGCGRG,Joseph Morpurgo: Highlander 70,Soho Theatre,2026-10-05T19:00,spektrix,,2026-04-30,2026-09-23,,
spektrix:sohotheatre:1553204AMJHSMMHTCPTNQDGGBSQBVLLTG,Joseph Morpurgo: Highlander 70,Soho Theatre,2026-10-06T19:00,spektrix,,2026-04-30,2026-09-23,,
spektrix:sohotheatre:1553205APTVCCLCNPJVNGVMVCLPBCMNNJ,Joseph Morpurgo: Highlander 70,Soho Theatre,2026-10-07T19:00,spektrix,,2026-04-30,2026-09-23,,
spektrix:sohotheatre:1598405AVTVBQVRQDMGMKSCNBBTVHDGMN,HAM,Soho Theatre,2026-10-05T18:45,spektrix,92,2026-06-23,2026-09-23,,21
spektrix:sohotheatre:1598406ATPNRBGGSDQTLKGHNNSCLPMTSJ,HAM,Soho Theatre,2026-10-06T18:45,spektrix,92,2026-06-23,2026-09-23,,17
spektrix:sohotheatre:1599205ANSDMNLDKSDSRDTGVQRTMVHGSG,HAM,Soho Theatre,2026-10-07T18:45,spektrix,92,2026-06-23,2026-09-23,,32
spektrix:sohotheatre:1616203ADHCQHBSCNDDBBJPRVTCSBTSCS,Jordan Brookes: The Part of You That’s Always Screaming,Soho Theatre,2026-10-05T21:00,spektrix,,2026-07-28,2026-09-23,,
spektrix:sohotheatre:1616204AGGBQQKGSRQBCTDMMQNDSRDPTV,Jordan Brookes: The Part of You That’s Always Screaming,Soho Theatre,2026-10-06T21:00,spektrix,,2026-07-28,2026-09-23,,
spektrix:sohotheatre:1616205ALCJTPRRDCBDJMNQQMNQKSMHTV,Jordan Brookes: The Part of You That’s Always Screaming,Soho Theatre,2026-10-07T21:00,spektrix,,2026-07-28,2026-09-23,,
spektrix:sohotheatre:1624203AVDRGVKJHGCCGNPHVLRHTMLQMD,Douglas Lim: Vital Stats,Soho Theatre,2026-10-05T21:15,spektrix,170,2026-06-24,2026-09-23,,13
spektrix:sohotheatre:1627603AHQMSJSJHDLTGCCGTDSKBSDCTG,Freddie Meredith: Need a Light?,Soho Theatre,2026-10-06T21:15,spektrix,159,2026-08-19,2026-09-23,2026-09-23,5
spektrix:sohotheatre:1627604AGHDNBTHQSHRQSHDLHNPNCMGTP,Freddie Meredith: Need a Light?,Soho Theatre,2026-10-07T21:15,spektrix,159,2026-08-19,2026-09-23,2026-09-25,0
spektrix:sohotheatre:1628803ASLDDVMJNKRMQSCLMSBCGRNLLG,Marty Gleeson: Dog Ear,Soho Theatre,2026-10-05T20:30,spektrix,92,2026-08-27,2026-09-23,2026-10-02,0
spektrix:sohotheatre:1628804ADTJBDVKDLSLBGJDPLRGCHBHNK,Marty Gleeson: Dog Ear,Soho Theatre,2026-10-06T20:30,spektrix,92,2026-08-27,2026-09-23,2026-09-30,0
spektrix:sohotheatre:1628805ANSSCKTJDQCGTQPLRMSSNBDQNK,Marty Gleeson: Dog Ear,Soho Theatre,2026-10-07T20:30,spektrix,92,2026-08-27,2026-09-23,2026-10-05,0
spektrix:southwarkplayhouse:126416APQKMMLVNVJLCDDPKDMNVKDNSVK,Jane Eyre,Southwark Playhouse Borough,2026-10-05T19:00,spektrix,294,2026-03-10,2026-09-23,,164
spektrix:southwarkplayhouse:126417ABTSMCKTHGSHLTCDJJKTVVBNMKK,Jane Eyre,Southwark Playhouse Borough,2026-10-06T19:00,spektrix,294,2026-03-10,2026-09-23,,197
spektrix:southwarkplayhouse:126418AJLDKQGDNVJQMRHPCSCDRGSTSQC,Jane Eyre,Southwark Playhouse Borough,2026-10-07T19:00,spektrix,294,2026-03-10,2026-09-23,,195
spektrix:southwarkplayhouse:148009AVLTJNNBTLBGJTHQGSLGLQGRVNB,Twenty Thousand Streets Under the Sky,Southwark Playhouse Borough,2026-10-06T19:00,spektrix,226,2026-06-25,2026-09-23,,149
spektrix:southwarkplayhouse:148010ALCKVMSVMHRJSJBVBRCMQSJDDQC,Twenty Thousand Streets Under the Sky,Southwark Playhouse Borough,2026-10-07T19:00,spektrix,226,2026-06-25,2026-09-23,,155
spektrix:southwarkplayhouse:148207ANHDQLPCJSPBJMVMVGKGCVCLGCK,Twenty Thousand Streets Under the Sky,Southwark Playhouse Borough,2026-10-06T14:30,spektrix,226,2026-06-25,2026-09-23,,138
spektrix:southwarkplayhouse:157410AVCGHRCVVDGDHKCVGLJDLHHDBHH,Twenty Thousand Streets Under the Sky Playtext,Southwark Playhouse Borough,2026-10-06T14:30,spektrix,50,2026-09-07,2026-09-23,,49
spektrix:southwarkplayhouse:158618AGNKTGMLTKVNCLKGNTQNGPKQRQK,Twenty Thousand Streets Under the Sky Bundle,Southwark Playhouse Borough,2026-10-06T19:00,spektrix,50,2026-09-07,2026-09-23,,50
spektrix:southwarkplayhouse:158619ADRGBCHSKPHHMMHVQNPNBDCCTQS,Twenty Thousand Streets Under the Sky Bundle,Southwark Playhouse Borough,2026-10-07T19:00,spektrix,50,2026-09-07,2026-09-23,,50
spektrix:southwarkplayhouse:159009AHPKKJJGSSGDTRHQRMDJJGRVQQV,Twenty Thousand Streets Under the Sky Bundle,Southwark Playhouse Borough,2026-10-06T14:30,spektrix,50,2026-09-07,2026-09-23,,49
spektrix:southwarkplayhouse:159218ATMQRLRMMLBSCBKQTVMSQPTKJTS,Twenty Thousand Streets Under the Sky Playtext,Southwark Playhouse Borough,2026-10-06T19:00,spektrix,50,2026-09-07,2026-09-23,,50
spektrix:southwarkplayhouse:159219ASRHLTDBLKJJRTLQGPDKTTRTMGJ,Twenty Thousand Streets Under the Sky Playtext,Southwark Playhouse Borough,2026-10-07T19:00,spektrix,50,2026-09-07,2026-09-23,,50
spektrix:southwarkplayhouse:160218AMVDKGTQCMPKPDSJVGBKRVVQSCQ,Twenty Thousand Streets Under the Sky Programme,Southwark Playhouse Borough,2026-10-06T19:00,spektrix,50,2026-09-07,2026-09-23,,50
spektrix:southwarkplayhouse:160219ADDKBPRKTQBSRMJHMLNDSMMBKDK,Twenty Thousand Streets Under the Sky Programme,Southwark Playhouse Borough,2026-10-07T19:00,spektrix,50,2026-09-07,2026-09-23,,49
spektrix:southwarkplayhouse:160409ADPJNVGNQJPVCHHRQPNVKLSGTDP,Twenty Thousand Streets Under the Sky Programme,Southwark Playhouse Borough,2026-10-06T14:30,spektrix,50,2026-09-07,2026-09-23,,48
spektrix:stratfordeast:180619AQMBBSHPTNLKQHLNNPKQTTJGQDG,Bloodsport,Stratford East,2026-10-06T19:30,spektrix,,2026-03-08,2026-09-23,,
spektrix:stratfordeast:180620AKDLSTCMVLGJLHDLKKHNNBNCKTB,Bloodsport,Stratford East,2026-10-07T19:30,spektrix,,2026-03-07,2026-09-23,,
spektrix:stratfordeast:188006AHLPJNHSRGQPMPHTCKVSMJJQHQG,SES Sep - Dec2026,Stratford East,2026-10-07T19:00,spektrix,50,2026-08-26,2026-09-23,,47
spektrix:theplace:867837ATKRMTDNCTDGLGKHLHMDQKHPBNV,Autumn/ Winter 26: Polymer DMT / Fang Yun Lo - The Seas Between Us,The Place,2026-10-06T19:30,spektrix,288,2026-05-18,2026-09-23,,178
spektrix:theplace:867838APKCSSBHHSGPLPLJGRBNKDQBDDC,Autumn/ Winter 26: Polymer DMT / Fang Yun Lo - The Seas Between Us,The Place,2026-10-07T19:30,spektrix,288,2026-05-18,2026-09-23,,68
spektrix:tricycle:835654AKLPMRGPKMMKNKKVVGVDVMLQVJM,TABLE 17,Kiln Theatre,2026-10-06T19:30,spektrix,,2026-06-03,2026-09-23,,
spektrix:tricycle:836652ADVDKQGBQTNDRGPHKDLLPCDPJPS,TABLE 17,Kiln Theatre,2026-10-05T19:30,spektrix,,2026-06-03,2026-09-23,,
spektrix:tricycle:839050ALRSCQKQKJKSTSNSCSMCSJPRCRD,TABLE 17,Kiln Theatre,2026-10-07T19:30,spektrix,,2026-06-03,2026-09-23,,
spektrix:tricycle:841651ASLBMMLNBSTMHMCGNJQCKTVHTRQ,TABLE 17,Kiln Theatre,2026-10-07T14:30,spektrix,,2026-06-03,2026-09-23,,
spektrix:tricycle:845652ALQHVVDQKKTCHPKLBDSNJLCDMQP,Audio Description Add-ons,Kiln Theatre,2026-10-06T19:30,spektrix,37,2022-11-01,2026-09-24,,8
spektrix:tricycle:845653ARBSDPVLRQBMQDGTNRPRPQKHJNN,Audio Description Add-ons,Kiln Theatre,2026-10-07T19:30,spektrix,37,2022-11-01,2026-09-24,,8
spektrix:tricycle:847250AHNQNMMLQPKGCSPHCQNKGHQRNQB,Audio Description Add-ons,Kiln Theatre,2026-10-07T14:30,spektrix,37,2022-11-01,2026-09-24,,8
spektrix:tricycle:847449ABBQSMTDTMVCGDVNKKTHGMBLJNM,Audio Description Add-ons,Kiln Theatre,2026-10-05T19:30,spektrix,37,2022-11-01,2026-09-24,,8
spektrix:tricycle:891049AGSCJBSTNQBDLVRPKLBVMTDDKLC,Rye Lane,Kiln Theatre,2026-10-07T20:00,spektrix,,2026-07-21,2026-09-23,,
spektrix:tricycle:902249AKKVLJLVQKQKCNCGPKPJCNPVNJM,All Rivers Spill Their Stories to the Sea,Kiln Theatre,2026-10-06T20:00,spektrix,,2026-08-27,2026-09-23,,
spektrix:tricycle:908649ASJVMQNTMBPNLPRRBGBMGMRHBSD,Queen At Sea,Kiln Theatre,2026-10-07T17:00,spektrix,,2026-09-19,2026-10-05,,
spektrix:unicorntheatre:349490AMSDNNRHVTJSBNJPKCHDRJRMLVL,Pocket Money,Unicorn Theatre,2026-10-06T10:30,spektrix,,2026-02-09,2026-09-23,,
spektrix:unicorntheatre:349687ATJPTPNNPKGDKVMRLHGDDRGNBJR,Pocket Money,Unicorn Theatre,2026-10-07T14:00,spektrix,,2026-02-09,2026-09-23,,
spektrix:unicorntheatre:364288AVLGBVNJNMKCBSTLTDMMVSCKQCL,Home Song,Unicorn Theatre,2026-10-07T10:00,spektrix,,2026-02-16,2026-09-23,,
spektrix:unicorntheatre:364487AQNGDRHTBKRCCDNGNCRLDBPLHHD,Home Song,Unicorn Theatre,2026-10-07T11:30,spektrix,,2026-02-16,2026-09-23,,
spektrix:unicorntheatre:367887AMCRMCJPJMMQHPDHCDBRKHNLBBC,Home Song,Unicorn Theatre,2026-10-06T13:30,spektrix,,2026-02-16,2026-09-23,,
spektrix:unicorntheatre:368287ADDDLNNJTCQTBVGSJMPHCCNBPDD,Pocket Money,Unicorn Theatre,2026-10-07T19:00,spektrix,,2026-02-09,2026-09-23,,
spektrix:whitechapelgallery:88801AMLPDGCTLNTSLQPSSMVJQJDNHLSV,Cecilia Vicuña In Conversation,Whitechapel Gallery,2026-10-06T17:00,spektrix,120,2026-09-07,2026-09-23,2026-09-29,0
spektrix:wiltons:336748ABQJJLRPMTTDPRCJTMLKGNQCPBT,Global Girl Leading @ Wilton's,Wilton's Music Hall,2026-10-05T18:00,spektrix,,2026-07-01,2026-10-01,,
spektrix:wiltons:336948AGTPJNLLLCSBSPSQLMTGBGVBCLS,The Cabinet of Dr Caligari (1920) with Live Score,Wilton's Music Hall,2026-10-06T19:00,spektrix,,2026-07-01,2026-09-23,,
spektrix:wiltons:337348APDQSSSPBBTKKHMSVBGSNLMNGGB,INCENDIARY - Samuel Pepys in Words and Music,Wilton's Music Hall,2026-10-07T19:00,spektrix,,2026-07-01,2026-09-23,,
ticketmaster:17FYv0G65CJ9sfJ,England V Czechia - ENGLAND FANS ONLY,Wembley Stadium,2026-10-06T19:45,ticketmaster,,2026-05-26,2026-09-23,,
ticketmaster:17GOv0G6u6JUOLn,1000 Rabbits Present Rabbitfete,Chats Palace,2026-10-07T19:00,ticketmaster,,2026-06-24,2026-09-23,,
ticketmaster:17u8v0G62L2g9AD,EuroCup - London Lions v La Laguna Tenerife,Copper Box Arena,2026-10-06T19:30,ticketmaster,,2026-08-04,2026-09-23,,
ticketmaster:17u8v0G65C-83iB,Faulty Towers the Dining Experience,President Hotel,2026-10-07T19:30,ticketmaster,,2026-05-19,2026-09-27,,
ticketmaster:17u8v0G6CQVti_P,Wiffeney,The Lower Third,2026-10-07T19:00,ticketmaster,,2026-07-10,2026-09-23,,
ticketmaster:17u8v0G6uMXeBOC,Belle Livingstone's 58th Street Country Club,Belle Livingstone's 58th Street Country Club,2026-10-06T19:00,ticketmaster,,2026-06-29,2026-09-23,,
ticketmaster:17u8v0G6uMXo1NR,Belle Livingstone's 58th Street Country Club,Belle Livingstone's 58th Street Country Club,2026-10-07T19:00,ticketmaster,,2026-06-29,2026-09-23,,
ticketmaster:17uYv0G62LkEgGh,Martin Guerre,The Old Vic Backstage,2026-10-06T19:30,ticketmaster,,2026-07-23,2026-09-23,,
ticketmaster:17uYv0G62Lk_g5e,Martin Guerre,The Old Vic Backstage,2026-10-05T19:30,ticketmaster,,2026-07-23,2026-09-23,,
ticketmaster:17uYv0G62LkgPuK,Martin Guerre,The Old Vic Backstage,2026-10-07T19:30,ticketmaster,,2026-07-23,2026-09-23,,
ticketmaster:17uYv0G65RNHKL5,Stranger Things: The First Shadow,Phoenix Arts Club,2026-10-07T19:00,ticketmaster,,2026-05-27,2026-09-27,,
ticketmaster:17uYv0G65RNRSrP,Stranger Things: The First Shadow,Phoenix Arts Club,2026-10-06T19:00,ticketmaster,,2026-05-27,2026-09-27,,
ticketmaster:1AMZkC8GkeHydbc,Richard Marx - After Hours Tour,London Palladium,2026-10-07T20:00,ticketmaster,,2025-12-19,2026-09-23,,
ticketmaster:1AMZkC8GkeRQeTC,Richard Marx - After Hours Tour,London Palladium,2026-10-06T20:00,ticketmaster,,2025-12-19,2026-09-23,,
ticketmaster:1AMZkfgGkeRmxv8,Theatre Adult with Gianmarco Soresi,Leicester Square Theatre,2026-10-06T19:00,ticketmaster,,2026-09-22,2026-09-23,,
ticketmaster:1AMZkfkGkdJ6eEp,Million Dollar Quartet,The Arts at Marble Arch,2026-10-07T19:30,ticketmaster,,2026-08-07,2026-09-23,,
ticketmaster:1AMZkfkGkdPyeJU,Million Dollar Quartet,The Arts at Marble Arch,2026-10-06T19:30,ticketmaster,,2026-08-07,2026-09-23,,
ticketmaster:1AMZko0Gkd3mMEG,The Hunger Games On Stage,Canary Wharf Theatre,2026-10-07T19:30,ticketmaster,,2026-03-09,2026-09-23,,
ticketmaster:1AMZko0Gkd3x6JK,The Hunger Games On Stage,Canary Wharf Theatre,2026-10-06T19:30,ticketmaster,,2026-03-09,2026-09-23,,
ticketmaster:1AMZkowGkd-EJSU,Phantom of the Opera,His Majesty's Theatre,2026-10-05T19:30,ticketmaster,,2026-03-18,2026-09-23,,
ticketmaster:1AMZkowGkd-VpVn,Phantom of the Opera,His Majesty's Theatre,2026-10-06T19:30,ticketmaster,,2026-03-18,2026-09-23,,
ticketmaster:1AMZkowGkdxCkUT,Phantom of the Opera,His Majesty's Theatre,2026-10-07T19:30,ticketmaster,,2026-03-18,2026-09-23,,
ticketmaster:1AMZkowGkdxvpgx,Phantom of the Opera,His Majesty's Theatre,2026-10-07T14:30,ticketmaster,,2026-03-18,2026-09-23,,
ticketmaster:1AdFZ_7GkM_L8Dx,Myrath,The Dome,2026-10-07T19:30,ticketmaster,,2026-02-25,2026-09-23,,
ticketmaster:1AdFZbNGkS_KYTq,Green Note Presents... Dar Williams,St Pancras Old Church,2026-10-07T20:00,ticketmaster,,2025-02-07,2026-09-23,,
ticketmaster:1AdfZ_6GkXj1gkN,Shakespeare's Globe - As You Like It,Shakespeare's Globe,2026-10-07T14:00,ticketmaster,,2026-03-31,2026-09-23,,
ticketmaster:1AdfZ_6GkXjb4Fh,Shakespeare's Globe - As You Like It,Shakespeare's Globe,2026-10-07T19:30,ticketmaster,,2026-03-31,2026-09-23,,
ticketmaster:1AdfZ_FGknCIfWk,The Strokes - Reality Awaits,The O2,2026-10-07T18:30,ticketmaster,,2026-04-17,2026-09-23,,
ticketmaster:1AdfZ_FGktWJ3sI,The Strokes - Reality Awaits,The O2,2026-10-06T18:30,ticketmaster,,2026-04-17,2026-09-23,,
ticketmaster:1AdfZ_aGkDRDMSE,Theatre,The Lexington,2026-10-06T19:30,ticketmaster,,2026-05-08,2026-09-23,,
ticketmaster:1AeGZ_8GkMR1c5Y,Tomorrow's Warriors Presents Zara McFarlane + support Sula,Blue Note London,2026-10-07T21:30,ticketmaster,,2026-08-21,2026-09-23,,
ticketmaster:1AeGZ_8GkMRjWuu,Tomorrow's Warriors Presents Gary Crosby Quartet feat. Cherise,Blue Note London,2026-10-07T19:00,ticketmaster,,2026-08-21,2026-09-23,,
ticketmaster:1AeGZ_8GkUhLAlB,Baaba Maal,Blue Note London,2026-10-06T19:00,ticketmaster,,2026-08-21,2026-09-23,,
ticketmaster:1AeGZ_8GkUhOAid,Baaba Maal,Blue Note London,2026-10-06T21:30,ticketmaster,,2026-08-21,2026-09-23,,
ticketmaster:1AeGZ_8GkUhqAli,Baaba Maal,Blue Note London,2026-10-05T19:00,ticketmaster,,2026-08-21,2026-09-23,,
ticketmaster:1AeGZ_8GkUhqglV,Baaba Maal,Blue Note London,2026-10-05T21:30,ticketmaster,,2026-08-21,2026-09-23,,
ticketmaster:1AgZk3eGkd41Mds,Shakespeare's Globe - Much Ado About Nothing,Shakespeare's Globe,2026-10-06T19:30,ticketmaster,,2026-04-02,2026-09-23,,
ticketmaster:1AgZk3eGkdfX6e3,Shakespeare's Globe - Much Ado About Nothing,Shakespeare's Globe,2026-10-06T14:00,ticketmaster,,2026-04-02,2026-09-23,,
ticketmaster:1AgZk3eGkdfs6ZV,Shakespeare's Globe - Much Ado About Nothing,Shakespeare's Globe,2026-10-05T19:30,ticketmaster,,2026-04-02,2026-09-23,,
ticketmaster:1AgZkfNGkes9h4C,Heated Rivalry: The Unauthorized Musical Parody,Boulevard Theatre,2026-10-07T19:00,ticketmaster,,2026-09-03,2026-09-23,,
ticketmaster:1AwZk3FGkdKR8wW,LIFE,MOTH Club,2026-10-06T19:00,ticketmaster,,2026-04-10,2026-09-23,,
ticketmaster:G5dzZ_1tKmOtO,Mateus Asato,O2 Academy Islington,2026-10-06T19:00,ticketmaster,,2026-05-15,2026-09-23,,
ticketmaster:G5dzZ_6Kn44VC,Gavin DeGraw,O2 Empire,2026-10-06T19:00,ticketmaster,,2026-03-27,2026-09-23,,
ticketmaster:G5dzZ_75afgpF,Band of Horses - Celebrating 20 Years of Everything All The Time,O2 Empire,2026-10-07T19:00,ticketmaster,,2026-02-13,2026-09-23,,
ticketmaster:G5dzZ_KpE-SLq,Orville Peck,O2 Forum Kentish Town,2026-10-06T19:00,ticketmaster,,2026-09-25,2026-09-23,,
ticketmaster:G5dzZ_aiHxPb9,NateWantsToBattle Phantom Burial Tour,O2 Academy Islington,2026-10-07T19:00,ticketmaster,,2026-05-06,2026-09-23,,
ticketmaster:G5vHZ_1BQsfZq,Talia Mar,KOKO,2026-10-06T19:00,ticketmaster,,2026-05-22,2026-09-23,,
ticketmaster:G5vHZ_1SKjk2w,Six60,Royal Albert Hall,2026-10-07T19:30,ticketmaster,,2026-05-18,2026-09-23,,
ticketmaster:G5vHZ_2Q4PsYC,Nails,Scala,2026-10-07T18:00,ticketmaster,,2026-07-31,2026-09-23,,
ticketmaster:G5vHZ_3OGRIhr,Affluenza,Riverside Studios,2026-10-05T19:30,ticketmaster,,2026-09-09,2026-09-23,,
ticketmaster:G5vHZ_3OGWIjc,Affluenza,Riverside Studios,2026-10-07T19:30,ticketmaster,,2026-09-09,2026-09-23,,
ticketmaster:G5vHZ_6n2GNLr,Pub Choir,Clapham Grand,2026-10-07T19:00,ticketmaster,,2026-04-30,2026-09-23,,
ticketmaster:G5vHZ_8GU-11D,The Tower of London - Standard All Day Entry,Tower Bridge Exhibition,2026-10-05T10:00,ticketmaster,,2026-08-03,2026-09-23,,sold out or off sale
ticketmaster:G5vHZ_8GUHB5B,The Tower of London - Standard All Day Entry,Tower Bridge Exhibition,2026-10-07T10:00,ticketmaster,,2026-08-03,2026-09-23,,
ticketmaster:G5vHZ_8GUR15L,The Tower of London - Standard All Day Entry,Tower Bridge Exhibition,2026-10-06T10:00,ticketmaster,,2026-08-03,2026-09-23,,
ticketmaster:G5vHZ_A3K1dC9,Man/Woman/Chainsaw,Electric Ballroom,2026-10-07T19:00,ticketmaster,,2026-03-13,2026-09-23,,
ticketmaster:G5vHZ_C5Jnl4O,alexsucks,London Barfly,2026-10-06T19:00,ticketmaster,,2026-07-10,2026-09-23,,
ticketmaster:G5vHZ_FO3w6Ut,Freya Ridings,Royal Albert Hall,2026-10-05T19:30,ticketmaster,,2026-04-17,2026-09-23,,
ticketmaster:G5vHZ_G8m0rDQ,Stage Girl (Starring Eli),The Courtyard,2026-10-07T19:00,ticketmaster,,2026-08-28,2026-09-23,,
ticketmaster:G5vHZ_Gc6hlyv,Sea Life London - Standard Entry,County Hall,2026-10-07T10:00,ticketmaster,,2026-06-16,2026-10-05,,
ticketmaster:G5vHZ_Gc6uDzV,Sea Life London - Standard Entry,County Hall,2026-10-06T10:00,ticketmaster,,2026-06-16,2026-10-05,,
ticketmaster:G5vHZ_GckTlzN,Sea Life London - Standard Entry,County Hall,2026-10-05T10:00,ticketmaster,,2026-06-16,2026-10-05,,sold out or off sale
ticketmaster:LvZ18Q041cvF2cwkyUHnO,The Oxygène Symphony (50th Anniversary),The Jazz Cafe,2026-10-07T19:00,ticketmaster,,2026-07-03,2026-09-23,,
ticketmaster:LvZ18Q0SppVvQxzAlrxnK,Sebastian Schub,EartH,2026-10-07T19:30,ticketmaster,,2026-07-10,2026-09-23,,
ticketmaster:LvZ18Q0mpdN0GRw0pAnWG,Gilla Band,The White Hotel,2026-10-07T19:30,ticketmaster,,2026-07-10,2026-09-23,,
ticketmaster:LvZ18Q3hQxXpDVZZvPECg,Comedy in Your Eye - Stand up Comedy in Camden Town,Comedy In Your Eye,2026-10-06T19:00,ticketmaster,,2023-12-06,2026-09-23,,
ticketmaster:LvZ18QEeHvcihPZA_2ICP,The Definitive Rat Pack,Landing Canary Wharf,2026-10-06T20:30,ticketmaster,,2026-08-03,2026-09-23,,
ticketmaster:LvZ18QElVV24yZ31CMmFW,Leo Morland Quartet (Downstairs),Vortex Jazz Club,2026-10-07T18:45,ticketmaster,,2026-08-11,2026-09-23,,
ticketmaster:LvZ18QJxThTbhZw10MlNX,Psychoma,New Cross Inn,2026-10-05T18:00,ticketmaster,,2026-07-28,2026-09-23,,
ticketmaster:LvZ18QPjXbonA-IR3y-zk,Owen Snider Quartet,Vortex Jazz Club,2026-10-07T19:45,ticketmaster,,2026-07-15,2026-09-23,,
ticketmaster:LvZ18Q_xQ7bfc9YZ0T9y-,Bill Callahan,Roundhouse,2026-10-05T19:00,ticketmaster,,2026-02-20,2026-09-23,,
ticketmaster:LvZ18QbEW5hFAvZZwM5sR,The Van Morrison Alumni Band,Emerald Theatre,2026-10-06T19:30,ticketmaster,,2026-02-09,2026-09-23,,
ticketmaster:LvZ18QbjxyN5_A8Z0Yd_5,Yasar,Islington Assembly Hall,2026-10-07T19:00,ticketmaster,,2026-02-07,2026-09-23,,
ticketmaster:LvZ18Qbu-BKe_PZZlgL0d,Melodees from Heaven presents TAC Mondays,O2 Academy Islington,2026-10-05T18:30,ticketmaster,,2026-02-04,2026-09-23,,
ticketmaster:LvZ18QhkMG8cuI8ZivddI,ULI JON ROTH,The Underworld,2026-10-05T19:00,ticketmaster,,2026-03-11,2026-09-23,,
ticketmaster:LvZ18Qj1usQe68OZz9orl,DJ Krush,The Jazz Cafe,2026-10-06T19:00,ticketmaster,,2026-03-27,2026-09-23,,
ticketmaster:LvZ18QjaEHFZTsOvOGINR,Simply Billy Joel,Landing Canary Wharf,2026-10-07T20:30,ticketmaster,,2026-03-24,2026-09-23,,
ticketmaster:LvZ18Ql7XjTKXBj-IH_LC,Kayleigh Noble,New Cross Inn,2026-10-07T18:00,ticketmaster,,2026-09-21,2026-09-23,,
ticketmaster:LvZ18Ql8WwlvXcAtT1xu9,LONG LIVE RMS,The Troubadour,2026-10-07T18:00,ticketmaster,,2026-09-23,2026-09-26,,
ticketmaster:LvZ18QnRzIzUg_-1wInS2,"Live Jazz from the Piano Bar at Red Room Studios, Soho",She Soho,2026-10-07T20:30,ticketmaster,,2026-04-14,2026-09-24,,
ticketmaster:LvZ18QnRzIzUg_-1wInSC,"Live Jazz from the Piano Bar at Red Room Studios, Soho",She Soho,2026-10-07T18:30,ticketmaster,,2026-04-14,2026-09-24,,
ticketmaster:LvZ18QnU1POxbeYNh2zMA,Vince Dunn & The Medicine Band,O2 Academy Islington,2026-10-07T18:30,ticketmaster,,2026-09-18,2026-09-23,,
ticketmaster:LvZ18QnZ0Tujck8Pa3IX3,Gum Disease,New Cross Inn,2026-10-06T18:00,ticketmaster,,2026-09-08,2026-09-23,,
ticketmaster:LvZ18QowrlzmjgZZydZF9,Donny Benét,Boiler House,2026-10-07T19:30,ticketmaster,,2026-03-06,2026-09-23,,
ticketmaster:LvZ18QrEN0WCHROv1lyQd,Ruel,Electric Brixton,2026-10-07T19:00,ticketmaster,,2026-04-30,2026-09-23,,
ticketmaster:LvZ18QrI3IESFz8Z0PGB4,TENSIDE x AURORAWAVE,The Underworld,2026-10-07T19:00,ticketmaster,,2026-04-23,2026-09-23,,
ticketmaster:ZKr9uZKbZL4ZeoOpjZek3,Disney's Hercules,"Theatre Royal, Drury Lane",2026-10-06T19:30,ticketmaster,,2025-01-01,2026-09-23,,sold out or off sale
ticketmaster:ZKr9uZKbZL4ZeoOpjZekK,Disney's Hercules,"Theatre Royal, Drury Lane",2026-10-07T19:30,ticketmaster,,2025-01-01,2026-09-23,,sold out or off sale
ticketmaster:ZKr9uZKbZL4ZeoOpjZeko,Disney's Hercules,"Theatre Royal, Drury Lane",2026-10-05T19:30,ticketmaster,,2025-01-01,2026-09-23,,sold out or off sale
ticketmaster:Zor9uZKbZL4Zef75NZ7,Fences,Lyric Hammersmith Theatre,2026-10-07T19:30,ticketmaster,,2025-01-01,2026-09-23,,
ticketmaster:Zor9uZKbZL4ZefAN5Z3,The Standard of Living,Theatre Royal Haymarket,2026-10-06T19:00,ticketmaster,,2025-01-01,2026-09-23,,
ticketmaster:Zor9uZKbZL4ZefAN5ZK,The Standard of Living,Theatre Royal Haymarket,2026-10-07T19:00,ticketmaster,,2025-01-01,2026-09-23,,
ticketmaster:Zor9uZKbZL4ZefAN5Zo,The Standard of Living,Theatre Royal Haymarket,2026-10-05T19:00,ticketmaster,,2025-01-01,2026-09-23,,
ticketmaster:Zor9uZKbZL4ZefF3fZ5,Franz & Marie,Charing Cross Theatre,2026-10-07T14:30,ticketmaster,,2025-01-01,2026-09-23,,
ticketmaster:Zor9uZKbZL4ZefF3fZG,Franz & Marie,Charing Cross Theatre,2026-10-07T19:30,ticketmaster,,2025-01-01,2026-09-23,,
ticketmaster:Zor9uZKbZL4ZefkovZ2,Hay Fever,Wyndham's,2026-10-05T19:30,ticketmaster,,2025-01-01,2026-09-23,,sold out or off sale
ticketmaster:Zor9uZKbZL4ZefkovZ3,Hay Fever,Wyndham's,2026-10-07T19:30,ticketmaster,,2025-01-01,2026-09-23,,sold out or off sale
ticketmaster:Zor9uZKbZL4ZefkovZ8,Hay Fever,Wyndham's,2026-10-06T19:30,ticketmaster,,2025-01-01,2026-09-23,,sold out or off sale
ticketmaster:Zor9uZKbZL4ZefkovZo,Hay Fever,Wyndham's,2026-10-07T14:30,ticketmaster,,2025-01-01,2026-09-23,,sold out or off sale
tribe:bowarts.org:30878,Yoga Sessions at the Rum Factory,Bow Arts Trust (Bow Road Studios),2026-10-07T18:30,tribe,,,2026-09-23,,
tribe:dalstonsuperstore.com:37741,VINYL BITCH: OPEN DECKS,Dalston Superstore,2026-10-05T18:30,tribe,,,2026-09-23,,
tribe:dalstonsuperstore.com:37742,SCRAPBOOKING + ZINE MAKING: MANOS QUEER x TAC,Dalston Superstore,2026-10-06T17:00,tribe,,,2026-09-23,,
tribe:dalstonsuperstore.com:37747,TRANSMISSIONS PRESENTS: GINGER SNAPS (2000) ***VHS***,Dalston Superstore,2026-10-07T19:00,tribe,,,2026-09-23,,
tribe:dalstonsuperstore.com:37870,M.A.D WEDNESDAYS!!! Ft. FAFF!,Dalston Superstore,2026-10-07T22:00,tribe,,,2026-10-02,,
tribe:www.towertheatre.org.uk:218932,A Mirror,Tower Theatre,2026-10-06T19:30,tribe,,,2026-09-23,,
tribe:www.towertheatre.org.uk:218939,A Mirror,Tower Theatre,2026-10-07T19:30,tribe,,,2026-09-23,,
